halving_height,event_timestamp_utc,window_days,pre_blocks,post_blocks,pre_median_hashrate_mhps,post_median_hashrate_mhps,hashrate_change_pct,pre_mean_difficulty,post_mean_difficulty,pre_median_block_interval_seconds,post_median_block_interval_seconds,pre_mean_non_coinbase_transactions_per_block,post_mean_non_coinbase_transactions_per_block,pre_mean_total_fee_per_block_base_units,post_mean_total_fee_per_block_base_units,pre_mean_miner_revenue_rin_per_block,post_mean_miner_revenue_rin_per_block,pre_mean_miner_revenue_usd_per_block,post_mean_miner_revenue_usd_per_block,fiat_miner_revenue_change_pct,descriptive_hash_supply_elasticity,elasticity_status,market_data_confidence,confidence_reason,economic_interpretability,confounder_note,evidence_class
210000,2025-08-20T01:52:39Z,1,1361,1359,52.35782900,44.63221049,-14.75542179,0.785270819415,0.646566579571,42.0000,40.0000,0.10506980,0.10301692,16203.5753,15397.5063,50.00016204,25.00015398,0.036297252040,0.017501965780,-51.78156804,,not estimated: market data are low-confidence or unusable,low,reported volume is thin and historical spread/depth is unavailable,materially confounded,operator-supplied Exbitron interruption window overlaps the event,derived from observed chain and frozen market data
210000,2025-08-20T01:52:39Z,7,9563,9558,56.63492566,39.28994334,-30.62594701,0.835745673133,0.582794854110,43.0000,42.0000,0.09557670,0.10535677,11377.0937,18984.8297,50.00011377,25.00018985,0.035600075313,0.016621822399,-53.30958642,,not estimated: market data are low-confidence or unusable,low,reported volume is thin and historical spread/depth is unavailable,materially confounded,operator-supplied Exbitron interruption window overlaps the event,derived from observed chain and frozen market data
210000,2025-08-20T01:52:39Z,30,40992,41009,52.64131899,41.89328829,-20.41747985,0.776268010237,0.656759229497,43.0000,43.0000,0.09821429,0.10331878,11669.3304,19328.2845,50.00011669,25.00019328,0.036925580304,0.021391940700,-42.06742176,,not estimated: market data are low-confidence or unusable,unusable,one or more event-window anchor prices are missing,materially confounded,operator-supplied Exbitron interruption window overlaps the event,derived from observed chain and frozen market data
420000,2026-01-21T15:54:35Z,1,1369,1361,33.32434644,24.71777345,-25.82668202,0.496004281592,0.361130127475,41.0000,42.0000,0.11322133,0.12417340,17177.2666,21194.8244,25.00017177,12.50021195,0.012827573460,0.006375429417,-50.29902236,,not estimated: market data are low-confidence or unusable,low,reported volume is thin and historical spread/depth is unavailable,not economically interpretable,CoinPaprika has a material RIN-price gap around the event,derived from observed chain and frozen market data
420000,2026-01-21T15:54:35Z,7,9549,9579,33.23309940,22.95941398,-30.91401526,0.496188296369,0.340180637979,42.0000,41.0000,0.13613991,0.12840589,21703.7945,18431.6241,25.00021704,12.50018432,0.013768136924,0.006237033185,-54.69951222,,not estimated: market data are low-confidence or unusable,unusable,one or more event-window anchor prices are missing,not economically interpretable,CoinPaprika has a material RIN-price gap around the event,derived from observed chain and frozen market data
420000,2026-01-21T15:54:35Z,30,40747,40834,35.54309324,21.92447997,-38.31577960,0.539958326671,0.325546928464,42.0000,40.0000,0.19876310,0.15158936,22908.4683,20724.4215,25.00022908,12.50020724,0.013768136924,0.006148655210,-55.34141443,,not estimated: market data are low-confidence or unusable,unusable,one or more event-window anchor prices are missing,not economically interpretable,CoinPaprika has a material RIN-price gap around the event,derived from observed chain and frozen market data
630000,2026-06-24T21:32:43Z,1,1353,1360,21.05103372,18.93568940,-10.04864817,0.350911429812,0.285294208334,40.0000,41.0000,0.05986696,0.06176471,12566.7583,8690.2169,12.50012567,6.25008690,0.007591928733,0.004592187455,-39.51224232,,not estimated: market data are low-confidence or unusable,low,reported volume is thin and historical spread/depth is unavailable,materially confounded,thin market and overlapping exchange/project events prevent attribution,derived from observed chain and frozen market data
630000,2026-06-24T21:32:43Z,7,9379,9549,21.24010145,17.30227892,-18.53956554,0.325582905699,0.257894551946,38.0000,40.0000,0.05917475,0.06094879,8927.9298,6668.3656,12.50008928,6.25006668,0.006249564331,0.004344513882,-30.48293205,,not estimated: market data are low-confidence or unusable,low,reported volume is thin and historical spread/depth is unavailable,materially confounded,thin market and overlapping exchange/project events prevent attribution,derived from observed chain and frozen market data
630000,2026-06-24T21:32:43Z,30,40573,40677,18.23498707,16.45457044,-9.76373947,0.274764185019,0.247835740831,39.0000,40.0000,0.05826535,0.04779114,12459.7506,6398.4463,12.50012460,6.25006398,0.004996717199,0.005308473940,6.23923124,,not estimated: market data are low-confidence or unusable,low,reported volume is thin and historical spread/depth is unavailable,materially confounded,thin market and overlapping exchange/project events prevent attribution,derived from observed chain and frozen market data
