scenario_id,scenario_display_id,scenario_name,horizon_label,horizon_years_after_activation,height,subsidy_base_units,subsidy_rin_display,next_year_issuance_base_units,next_year_issuance_rin_display,next_year_issuance_pct_of_scheduled_supply,scheduled_issuance_before_height_base_units,scheduled_issuance_before_height_rin_display,remaining_scheduled_issuance_base_units,remaining_scheduled_issuance_rin_display,maximum_supply_ceiling_remaining_base_units,maximum_supply_ceiling_remaining_rin_display
S0,S0,Unchanged binary halving,activation,0.00000000,840000,312500000,3.12500000,106687500000000,1066875.00000000,5.41904762,1968750000000000,19687500.00000000,131249997690000,1312499.97690000,14831250000000000,148312500.00000000
S0,S0,Unchanged binary halving,1 year,1.00000000,1365600,78125000,0.78125000,20472656250000,204726.56250000,0.98642605,2075437500000000,20754375.00000000,24562497690000,245624.97690000,14724562500000000,147245625.00000000
S0,S0,Unchanged binary halving,2 years,2.00000000,1891200,9765625,0.09765625,3325195180800,33251.95180800,0.15865161,2095910156250000,20959101.56250000,4089841440000,40898.41440000,14704089843750000,147040898.43750000
S0,S0,Unchanged binary halving,5 years,5.00000000,3468000,76293,0.00076293,19832205600,198.32205600,0.00094440,2099976195534000,20999761.95534000,23802156000,238.02156000,14700023804466000,147000238.04466000
S0,S0,Unchanged binary halving,10 years,10.00000000,6096000,9,0.00000009,2899200,0.02899200,0.00000014,2099999994384000,20999999.94384000,3306000,0.03306000,14700000005616000,147000000.05616000
S0,S0,Unchanged binary halving,25 years,25.00000000,13980000,0,0.00000000,0,0.00000000,0.00000000,2099999997690000,20999999.97690000,0,0.00000000,14700000002310000,147000000.02310000
S0,S0,Unchanged binary halving,50 years,50.00000000,27120000,0,0.00000000,0,0.00000000,0.00000000,2099999997690000,20999999.97690000,0,0.00000000,14700000002310000,147000000.02310000
S0,S0,Unchanged binary halving,100 years,100.00000000,53400000,0,0.00000000,0,0.00000000,0.00000000,2099999997690000,20999999.97690000,0,0.00000000,14700000002310000,147000000.02310000
S0,S0,Unchanged binary halving,200 years,200.00000000,105960000,0,0.00000000,0,0.00000000,0.00000000,2099999997690000,20999999.97690000,0,0.00000000,14700000002310000,147000000.02310000
S0,S0,Unchanged binary halving,250 years,250.00000000,132240000,0,0.00000000,0,0.00000000,0.00000000,2099999997690000,20999999.97690000,0,0.00000000,14700000002310000,147000000.02310000
S0,S0,Unchanged binary halving,500 years,500.00000000,263640000,0,0.00000000,0,0.00000000,0.00000000,2099999997690000,20999999.97690000,0,0.00000000,14700000002310000,147000000.02310000
S0,S0,Unchanged binary halving,terminal height,11.58675799,6930000,0,0.00000000,0,0.00000000,0.00000000,2099999997690000,20999999.97690000,0,0.00000000,14700000002310000,147000000.02310000
S1,S1,1/20 reduction without a floor,activation,0.00000000,840000,593750000,5.93750000,299727375000000,2997273.75000000,15.22424762,1968750000000000,19687500.00000000,2493749301750000,24937493.01750000,14831250000000000,148312500.00000000
S1,S1,1/20 reduction without a floor,1 year,1.00000000,1365600,535859375,5.35859375,264957730776000,2649577.30776000,11.67998119,2268477375000000,22684773.75000000,2194021926750000,21940219.26750000,14531522625000000,145315226.25000000
S1,S1,1/20 reduction without a floor,2 years,2.00000000,1891200,459432430,4.59432430,231869574579600,2318695.74579600,9.15237868,2533435105776000,25334351.05776000,1929064195974000,19290641.95974000,14266564894224000,142665648.94224000
S1,S1,1/20 reduction without a floor,5 years,5.00000000,3468000,320838798,3.20838798,158530155716400,1585301.55716400,5.03329838,3149627617164000,31496276.17164000,1312871684586000,13128716.84586000,13650372382836000,136503723.82836000
S1,S1,1/20 reduction without a floor,10 years,10.00000000,6096000,164700054,1.64700054,83044896382800,830448.96382800,2.20176157,3771747934674000,37717479.34674000,690751367076000,6907513.67076000,13028252065326000,130282520.65326000
S1,S1,1/20 reduction without a floor,25 years,25.00000000,13980000,24686925,0.24686925,12155842755600,121558.42755600,0.27869013,4361777232810000,43617772.32810000,100722068940000,1007220.68940000,12438222767190000,124382227.67190000
S1,S1,1/20 reduction without a floor,50 years,50.00000000,27120000,975101,0.00975101,489382291200,4893.82291200,0.01097655,4458433586910000,44584335.86910000,4065714840000,40657.14840000,12341566413090000,123415664.13090000
S1,S1,1/20 reduction without a floor,100 years,100.00000000,53400000,1592,0.00001592,794121600,7.94121600,0.00001780,4462492903650000,44624929.03650000,6398100000,63.98100000,12337507096350000,123375070.96350000
S1,S1,1/20 reduction without a floor,200 years,200.00000000,105960000,0,0.00000000,0,0.00000000,0.00000000,4462499301750000,44624993.01750000,0,0.00000000,12337500698250000,123375006.98250000
S1,S1,1/20 reduction without a floor,250 years,250.00000000,132240000,0,0.00000000,0,0.00000000,0.00000000,4462499301750000,44624993.01750000,0,0.00000000,12337500698250000,123375006.98250000
S1,S1,1/20 reduction without a floor,500 years,500.00000000,263640000,0,0.00000000,0,0.00000000,0.00000000,4462499301750000,44624993.01750000,0,0.00000000,12337500698250000,123375006.98250000
S1,S1,1/20 reduction without a floor,terminal height,138.64155251,73710000,0,0.00000000,0,0.00000000,0.00000000,4462499301750000,44624993.01750000,0,0.00000000,12337500698250000,123375006.98250000
S2a,S2/a,1/20 reduction with bounded 0.5 RIN phase,activation,0.00000000,840000,593750000,5.93750000,299727375000000,2997273.75000000,15.22424762,1968750000000000,19687500.00000000,14831249988020000,148312499.88020000,14831250000000000,148312500.00000000
S2a,S2/a,1/20 reduction with bounded 0.5 RIN phase,1 year,1.00000000,1365600,535859375,5.35859375,264957730776000,2649577.30776000,11.67998119,2268477375000000,22684773.75000000,14531522613020000,145315226.13020000,14531522625000000,145315226.25000000
S2a,S2/a,1/20 reduction with bounded 0.5 RIN phase,2 years,2.00000000,1891200,459432430,4.59432430,231869574579600,2318695.74579600,9.15237868,2533435105776000,25334351.05776000,14266564882244000,142665648.82244000,14266564894224000,142665648.94224000
S2a,S2/a,1/20 reduction with bounded 0.5 RIN phase,5 years,5.00000000,3468000,320838798,3.20838798,158530155716400,1585301.55716400,5.03329838,3149627617164000,31496276.17164000,13650372370856000,136503723.70856000,13650372382836000,136503723.82836000
S2a,S2/a,1/20 reduction with bounded 0.5 RIN phase,10 years,10.00000000,6096000,164700054,1.64700054,83044896382800,830448.96382800,2.20176157,3771747934674000,37717479.34674000,13028252053346000,130282520.53346000,13028252065326000,130282520.65326000
S2a,S2/a,1/20 reduction with bounded 0.5 RIN phase,25 years,25.00000000,13980000,50000000,0.50000000,26280000000000,262800.00000000,0.59686315,4403019388020000,44030193.88020000,12396980600000000,123969806.00000000,12396980611980000,123969806.11980000
S2a,S2/a,1/20 reduction with bounded 0.5 RIN phase,50 years,50.00000000,27120000,50000000,0.50000000,26280000000000,262800.00000000,0.51936560,5060019388020000,50600193.88020000,11739980600000000,117399806.00000000,11739980611980000,117399806.11980000
S2a,S2/a,1/20 reduction with bounded 0.5 RIN phase,100 years,100.00000000,53400000,50000000,0.50000000,26280000000000,262800.00000000,0.41229871,6374019388020000,63740193.88020000,10425980600000000,104259806.00000000,10425980611980000,104259806.11980000
S2a,S2/a,1/20 reduction with bounded 0.5 RIN phase,200 years,200.00000000,105960000,50000000,0.50000000,26280000000000,262800.00000000,0.29193450,9002019388020000,90020193.88020000,7797980600000000,77979806.00000000,7797980611980000,77979806.11980000
S2a,S2/a,1/20 reduction with bounded 0.5 RIN phase,250 years,250.00000000,132240000,50000000,0.50000000,26280000000000,262800.00000000,0.25474942,10316019388020000,103160193.88020000,6483980600000000,64839806.00000000,6483980611980000,64839806.11980000
S2a,S2/a,1/20 reduction with bounded 0.5 RIN phase,500 years,500.00000000,263640000,0,0.00000000,0,0.00000000,0.00000000,16799999988020000,167999999.88020000,0,0.00000000,11980000,0.11980000
S2a,S2/a,1/20 reduction with bounded 0.5 RIN phase,constant phase start,19.57762557,11130000,50000000,0.50000000,26280000000000,262800.00000000,0.61682620,4260519388020000,42605193.88020000,12539480600000000,125394806.00000000,12539480611980000,125394806.11980000
S2a,S2/a,1/20 reduction with bounded 0.5 RIN phase,constant phase end,496.72681126,261919612,0,0.00000000,0,0.00000000,0.00000000,16799999988020000,167999999.88020000,0,0.00000000,11980000,0.11980000
S2a,S2/a,1/20 reduction with bounded 0.5 RIN phase,terminal height,496.72681126,261919612,0,0.00000000,0,0.00000000,0.00000000,16799999988020000,167999999.88020000,0,0.00000000,11980000,0.11980000
S2b,S2/b,Bounded 1 RIN phase comparator,activation,0.00000000,840000,593750000,5.93750000,299727375000000,2997273.75000000,15.22424762,1968750000000000,19687500.00000000,14831249931750000,148312499.31750000,14831250000000000,148312500.00000000
S2b,S2/b,Bounded 1 RIN phase comparator,1 year,1.00000000,1365600,535859375,5.35859375,264957730776000,2649577.30776000,11.67998119,2268477375000000,22684773.75000000,14531522556750000,145315225.56750000,14531522625000000,145315226.25000000
S2b,S2/b,Bounded 1 RIN phase comparator,2 years,2.00000000,1891200,459432430,4.59432430,231869574579600,2318695.74579600,9.15237868,2533435105776000,25334351.05776000,14266564825974000,142665648.25974000,14266564894224000,142665648.94224000
S2b,S2/b,Bounded 1 RIN phase comparator,5 years,5.00000000,3468000,320838798,3.20838798,158530155716400,1585301.55716400,5.03329838,3149627617164000,31496276.17164000,13650372314586000,136503723.14586000,13650372382836000,136503723.82836000
S2b,S2/b,Bounded 1 RIN phase comparator,10 years,10.00000000,6096000,164700054,1.64700054,83044896382800,830448.96382800,2.20176157,3771747934674000,37717479.34674000,13028251997076000,130282519.97076000,13028252065326000,130282520.65326000
S2b,S2/b,Bounded 1 RIN phase comparator,25 years,25.00000000,13980000,100000000,1.00000000,52560000000000,525600.00000000,1.13586032,4627329531750000,46273295.31750000,12172670400000000,121726704.00000000,12172670468250000,121726704.68250000
S2b,S2/b,Bounded 1 RIN phase comparator,50 years,50.00000000,27120000,100000000,1.00000000,52560000000000,525600.00000000,0.88465048,5941329531750000,59413295.31750000,10858670400000000,108586704.00000000,10858670468250000,108586704.68250000
S2b,S2/b,Bounded 1 RIN phase comparator,100 years,100.00000000,53400000,100000000,1.00000000,52560000000000,525600.00000000,0.61335020,8569329531750000,85693295.31750000,8230670400000000,82306704.00000000,8230670468250000,82306704.68250000
S2b,S2/b,Bounded 1 RIN phase comparator,200 years,200.00000000,105960000,100000000,1.00000000,52560000000000,525600.00000000,0.38017177,13825329531750000,138253295.31750000,2974670400000000,29746704.00000000,2974670468250000,29746704.68250000
S2b,S2/b,Bounded 1 RIN phase comparator,250 years,250.00000000,132240000,100000000,1.00000000,52560000000000,525600.00000000,0.31944902,16453329531750000,164533295.31750000,346670400000000,3466704.00000000,346670468250000,3466704.68250000
S2b,S2/b,Bounded 1 RIN phase comparator,500 years,500.00000000,263640000,0,0.00000000,0,0.00000000,0.00000000,16799999931750000,167999999.31750000,0,0.00000000,68250000,0.68250000
S2b,S2/b,Bounded 1 RIN phase comparator,constant phase start,13.98401826,8190000,100000000,1.00000000,52560000000000,525600.00000000,1.29831328,4048329531750000,40483295.31750000,12751670400000000,127516704.00000000,12751670468250000,127516704.68250000
S2b,S2/b,Bounded 1 RIN phase comparator,constant phase end,256.59570776,135706704,0,0.00000000,0,0.00000000,0.00000000,16799999931750000,167999999.31750000,0,0.00000000,68250000,0.68250000
S2b,S2/b,Bounded 1 RIN phase comparator,terminal height,256.59570776,135706704,0,0.00000000,0,0.00000000,0.00000000,16799999931750000,167999999.31750000,0,0.00000000,68250000,0.68250000
S3,S3,Perpetual 0.5 RIN tail-emission comparator,activation,0.00000000,840000,593750000,5.93750000,299727375000000,2997273.75000000,15.22424762,1968750000000000,19687500.00000000,,,14831250000000000,148312500.00000000
S3,S3,Perpetual 0.5 RIN tail-emission comparator,1 year,1.00000000,1365600,535859375,5.35859375,264957730776000,2649577.30776000,11.67998119,2268477375000000,22684773.75000000,,,14531522625000000,145315226.25000000
S3,S3,Perpetual 0.5 RIN tail-emission comparator,2 years,2.00000000,1891200,459432430,4.59432430,231869574579600,2318695.74579600,9.15237868,2533435105776000,25334351.05776000,,,14266564894224000,142665648.94224000
S3,S3,Perpetual 0.5 RIN tail-emission comparator,5 years,5.00000000,3468000,320838798,3.20838798,158530155716400,1585301.55716400,5.03329838,3149627617164000,31496276.17164000,,,13650372382836000,136503723.82836000
S3,S3,Perpetual 0.5 RIN tail-emission comparator,10 years,10.00000000,6096000,164700054,1.64700054,83044896382800,830448.96382800,2.20176157,3771747934674000,37717479.34674000,,,13028252065326000,130282520.65326000
S3,S3,Perpetual 0.5 RIN tail-emission comparator,25 years,25.00000000,13980000,50000000,0.50000000,26280000000000,262800.00000000,0.59686315,4403019388020000,44030193.88020000,,,12396980611980000,123969806.11980000
S3,S3,Perpetual 0.5 RIN tail-emission comparator,50 years,50.00000000,27120000,50000000,0.50000000,26280000000000,262800.00000000,0.51936560,5060019388020000,50600193.88020000,,,11739980611980000,117399806.11980000
S3,S3,Perpetual 0.5 RIN tail-emission comparator,100 years,100.00000000,53400000,50000000,0.50000000,26280000000000,262800.00000000,0.41229871,6374019388020000,63740193.88020000,,,10425980611980000,104259806.11980000
S3,S3,Perpetual 0.5 RIN tail-emission comparator,200 years,200.00000000,105960000,50000000,0.50000000,26280000000000,262800.00000000,0.29193450,9002019388020000,90020193.88020000,,,7797980611980000,77979806.11980000
S3,S3,Perpetual 0.5 RIN tail-emission comparator,250 years,250.00000000,132240000,50000000,0.50000000,26280000000000,262800.00000000,0.25474942,10316019388020000,103160193.88020000,,,6483980611980000,64839806.11980000
S3,S3,Perpetual 0.5 RIN tail-emission comparator,500 years,500.00000000,263640000,50000000,0.50000000,26280000000000,262800.00000000,0.15563171,16886019388020000,168860193.88020000,,,0,0.00000000
S3,S3,Perpetual 0.5 RIN tail-emission comparator,constant phase start,19.57762557,11130000,50000000,0.50000000,26280000000000,262800.00000000,0.61682620,4260519388020000,42605193.88020000,,,12539480611980000,125394806.11980000
S4,S4,Idealized 113/114 cap-derived geometric schedule,activation,0.00000000,840000,619517543,6.19517543,323334500014800,3233345.00014800,16.42333968,1968750000000000,19687500.00000000,14831228297970000,148312282.97970000,14831250000000000,148312500.00000000
S4,S4,Idealized 113/114 cap-derived geometric schedule,1 year,1.00000000,1365600,608696483,6.08696483,316557804270000,3165578.04270000,13.81091335,2292084500014800,22920845.00014800,14507893797955200,145078937.97955200,14507915499985200,145079154.99985200
S4,S4,Idealized 113/114 cap-derived geometric schedule,2 years,2.00000000,1891200,592818254,5.92818254,309387357891600,3093873.57891600,11.86009126,2608642304284800,26086423.04284800,14191335993685200,141913359.93685200,14191357695715200,141913576.95715200
S4,S4,Idealized 113/114 cap-derived geometric schedule,5 years,5.00000000,3468000,557361171,5.57361171,289825542720000,2898255.42720000,8.24077756,3516968401368000,35169684.01368000,13283009896602000,132830098.96602000,13283031598632000,132830315.98632000
S4,S4,Idealized 113/114 cap-derived geometric schedule,10 years,10.00000000,6096000,497042362,4.97042362,259360972623600,2593609.72623600,5.28899254,4903787835312000,49037878.35312000,11896190462658000,118961904.62658000,11896212164688000,118962121.64688000
S4,S4,Idealized 113/114 cap-derived geometric schedule,25 years,25.00000000,13980000,358770144,3.58770144,186446711114400,1864467.11114400,2.25883908,8254094464320000,82540944.64320000,8545883833650000,85458838.33650000,8545905535680000,85459055.35680000
S4,S4,Idealized 113/114 cap-derived geometric schedule,50 years,50.00000000,27120000,205945615,2.05945615,107377856568000,1073778.56568000,0.90417071,11875838907270000,118758389.07270000,4924139390700000,49241393.90700000,4924161092730000,49241610.92730000
S4,S4,Idealized 113/114 cap-derived geometric schedule,100 years,100.00000000,53400000,68462278,0.68462278,35659629661200,356596.29661200,0.23514245,15165118010040000,151651180.10040000,1634860287930000,16348602.87930000,1634881989960000,16348819.89960000
S4,S4,Idealized 113/114 cap-derived geometric schedule,200 years,200.00000000,105960000,7565654,0.07565654,3931740613200,39317.40613200,0.02365700,16619780288340000,166197802.88340000,180198009630000,1801980.09630000,180219711660000,1802197.11660000
S4,S4,Idealized 113/114 cap-derived geometric schedule,250 years,250.00000000,132240000,2515004,0.02515004,1305036103200,13050.36103200,0.00779584,16740160630290000,167401606.30290000,59817667680000,598176.67680000,59839369710000,598393.69710000
S4,S4,Idealized 113/114 cap-derived geometric schedule,500 years,500.00000000,263640000,10060,0.00010060,5234224800,52.34224800,0.00003116,16799745165930000,167997451.65930000,233132040000,2331.32040000,254834070000,2548.34070000
S4,S4,Idealized 113/114 cap-derived geometric schedule,terminal height,729.56621005,384300000,0,0.00000000,0,0.00000000,0.00000000,16799978297970000,167999782.97970000,0,0.00000000,21702030000,217.02030000
S5a,S5/a,"Extended-epoch binary halving, 840,000 anchor",activation,0.00000000,840000,312500000,3.12500000,164250000000000,1642500.00000000,8.34285714,1968750000000000,19687500.00000000,1312499976900000,13124999.76900000,14831250000000000,148312500.00000000
S5a,S5/a,"Extended-epoch binary halving, 840,000 anchor",1 year,1.00000000,1365600,312500000,3.12500000,164250000000000,1642500.00000000,7.70042194,2133000000000000,21330000.00000000,1148249976900000,11482499.76900000,14667000000000000,146670000.00000000
S5a,S5/a,"Extended-epoch binary halving, 840,000 anchor",2 years,2.00000000,1891200,312500000,3.12500000,164250000000000,1642500.00000000,7.14985309,2297250000000000,22972500.00000000,983999976900000,9839999.76900000,14502750000000000,145027500.00000000
S5a,S5/a,"Extended-epoch binary halving, 840,000 anchor",5 years,5.00000000,3468000,156250000,1.56250000,82125000000000,821250.00000000,3.03324100,2707500000000000,27075000.00000000,573749976900000,5737499.76900000,14092500000000000,140925000.00000000
S5a,S5/a,"Extended-epoch binary halving, 840,000 anchor",10 years,10.00000000,6096000,78125000,0.78125000,41062500000000,410625.00000000,1.35268684,3035625000000000,30356250.00000000,245624976900000,2456249.76900000,13764375000000000,137643750.00000000
S5a,S5/a,"Extended-epoch binary halving, 840,000 anchor",25 years,25.00000000,13980000,4882812,0.04882812,2566405987200,25664.05987200,0.07864260,3263378905980000,32633789.05980000,17871070920000,178710.70920000,13536621094020000,135366210.94020000
S5a,S5/a,"Extended-epoch binary halving, 840,000 anchor",50 years,50.00000000,27120000,76293,0.00076293,40099600800,400.99600800,0.00122217,3281011955340000,32810119.55340000,238021560000,2380.21560000,13518988044660000,135189880.44660000
S5a,S5/a,"Extended-epoch binary halving, 840,000 anchor",100 years,100.00000000,53400000,9,0.00000009,4730400,0.04730400,0.00000014,3281249943840000,32812499.43840000,33060000,0.33060000,13518750056160000,135187500.56160000
S5a,S5/a,"Extended-epoch binary halving, 840,000 anchor",200 years,200.00000000,105960000,0,0.00000000,0,0.00000000,0.00000000,3281249976900000,32812499.76900000,0,0.00000000,13518750023100000,135187500.23100000
S5a,S5/a,"Extended-epoch binary halving, 840,000 anchor",250 years,250.00000000,132240000,0,0.00000000,0,0.00000000,0.00000000,3281249976900000,32812499.76900000,0,0.00000000,13518750023100000,135187500.23100000
S5a,S5/a,"Extended-epoch binary halving, 840,000 anchor",500 years,500.00000000,263640000,0,0.00000000,0,0.00000000,0.00000000,3281249976900000,32812499.76900000,0,0.00000000,13518750023100000,135187500.23100000
S5a,S5/a,"Extended-epoch binary halving, 840,000 anchor",terminal height,115.86757991,61740000,0,0.00000000,0,0.00000000,0.00000000,3281249976900000,32812499.76900000,0,0.00000000,13518750023100000,135187500.23100000
S5B,S5/b,"Extended-epoch binary halving, phase-aligned to 630,000",activation,0.00000000,840000,625000000,6.25000000,328500000000000,3285000.00000000,16.68571429,1968750000000000,19687500.00000000,2493749976900000,24937499.76900000,14831250000000000,148312500.00000000
S5B,S5/b,"Extended-epoch binary halving, phase-aligned to 630,000",1 year,1.00000000,1365600,625000000,6.25000000,328500000000000,3285000.00000000,14.29970617,2297250000000000,22972500.00000000,2165249976900000,21652499.76900000,14502750000000000,145027500.00000000
S5B,S5/b,"Extended-epoch binary halving, phase-aligned to 630,000",2 years,2.00000000,1891200,625000000,6.25000000,328500000000000,3285000.00000000,12.51071123,2625750000000000,26257500.00000000,1836749976900000,18367499.76900000,14174250000000000,141742500.00000000
S5B,S5/b,"Extended-epoch binary halving, phase-aligned to 630,000",5 years,5.00000000,3468000,312500000,3.12500000,164250000000000,1642500.00000000,4.85856905,3380625000000000,33806250.00000000,1081874976900000,10818749.76900000,13419375000000000,134193750.00000000
S5B,S5/b,"Extended-epoch binary halving, phase-aligned to 630,000",10 years,10.00000000,6096000,156250000,1.56250000,82125000000000,821250.00000000,2.05104191,4004062500000000,40040625.00000000,458437476900000,4584374.76900000,12795937500000000,127959375.00000000
S5B,S5/b,"Extended-epoch binary halving, phase-aligned to 630,000",25 years,25.00000000,13980000,9765625,0.09765625,5132812500000,51328.12500000,0.11589601,4428808593750000,44288085.93750000,33691383150000,336913.83150000,12371191406250000,123711914.06250000
S5B,S5/b,"Extended-epoch binary halving, phase-aligned to 630,000",50 years,50.00000000,27120000,152587,0.00152587,80199727200,801.99727200,0.00179737,4462055963430000,44620559.63430000,444013470000,4440.13470000,12337944036570000,123379440.36570000
S5B,S5/b,"Extended-epoch binary halving, phase-aligned to 630,000",100 years,100.00000000,53400000,18,0.00000018,9460800,0.09460800,0.00000021,4462499910360000,44624999.10360000,66540000,0.66540000,12337500089640000,123375000.89640000
S5B,S5/b,"Extended-epoch binary halving, phase-aligned to 630,000",200 years,200.00000000,105960000,0,0.00000000,0,0.00000000,0.00000000,4462499976900000,44624999.76900000,0,0.00000000,12337500023100000,123375000.23100000
S5B,S5/b,"Extended-epoch binary halving, phase-aligned to 630,000",250 years,250.00000000,132240000,0,0.00000000,0,0.00000000,0.00000000,4462499976900000,44624999.76900000,0,0.00000000,12337500023100000,123375000.23100000
S5B,S5/b,"Extended-epoch binary halving, phase-aligned to 630,000",500 years,500.00000000,263640000,0,0.00000000,0,0.00000000,0.00000000,4462499976900000,44624999.76900000,0,0.00000000,12337500023100000,123375000.23100000
S5B,S5/b,"Extended-epoch binary halving, phase-aligned to 630,000",terminal height,119.46347032,63630000,0,0.00000000,0,0.00000000,0.00000000,4462499976900000,44624999.76900000,0,0.00000000,12337500023100000,123375000.23100000
S6a,S6/a,Customized Halving study scenario I,activation,0.00000000,840000,400000000,4.00000000,210240000000000,2102400.00000000,10.67885714,1968750000000000,19687500.00000000,14831250000000000,148312500.00000000,14831250000000000,148312500.00000000
S6a,S6/a,Customized Halving study scenario I,1 year,1.00000000,1365600,400000000,4.00000000,210240000000000,2102400.00000000,9.64850688,2178990000000000,21789900.00000000,14621010000000000,146210100.00000000,14621010000000000,146210100.00000000
S6a,S6/a,Customized Halving study scenario I,2 years,2.00000000,1891200,400000000,4.00000000,146880000000000,1468800.00000000,6.14758730,2389230000000000,23892300.00000000,14410770000000000,144107700.00000000,14410770000000000,144107700.00000000
S6a,S6/a,Customized Halving study scenario I,5 years,5.00000000,3468000,200000000,2.00000000,105120000000000,1051200.00000000,3.82762576,2746350000000000,27463500.00000000,14053650000000000,140536500.00000000,14053650000000000,140536500.00000000
S6a,S6/a,Customized Halving study scenario I,10 years,10.00000000,6096000,100000000,1.00000000,36480000000000,364800.00000000,1.18351258,3082350000000000,30823500.00000000,13717650000000000,137176500.00000000,13717650000000000,137176500.00000000
S6a,S6/a,Customized Halving study scenario I,25 years,25.00000000,13980000,50000000,0.50000000,26280000000000,262800.00000000,0.75371048,3486750000000000,34867500.00000000,13313250000000000,133132500.00000000,13313250000000000,133132500.00000000
S6a,S6/a,Customized Halving study scenario I,50 years,50.00000000,27120000,50000000,0.50000000,26280000000000,262800.00000000,0.63420814,4143750000000000,41437500.00000000,12656250000000000,126562500.00000000,12656250000000000,126562500.00000000
S6a,S6/a,Customized Halving study scenario I,100 years,100.00000000,53400000,50000000,0.50000000,26280000000000,262800.00000000,0.48151711,5457750000000000,54577500.00000000,11342250000000000,113422500.00000000,11342250000000000,113422500.00000000
S6a,S6/a,Customized Halving study scenario I,200 years,200.00000000,105960000,50000000,0.50000000,26280000000000,262800.00000000,0.32501623,8085750000000000,80857500.00000000,8714250000000000,87142500.00000000,8714250000000000,87142500.00000000
S6a,S6/a,Customized Halving study scenario I,250 years,250.00000000,132240000,50000000,0.50000000,26280000000000,262800.00000000,0.27958190,9399750000000000,93997500.00000000,7400250000000000,74002500.00000000,7400250000000000,74002500.00000000
S6a,S6/a,Customized Halving study scenario I,500 years,500.00000000,263640000,50000000,0.50000000,26280000000000,262800.00000000,0.16456112,15969750000000000,159697500.00000000,830250000000000,8302500.00000000,830250000000000,8302500.00000000
S6a,S6/a,Customized Halving study scenario I,constant phase start,10.38812785,6300000,50000000,0.50000000,26280000000000,262800.00000000,0.84699057,3102750000000000,31027500.00000000,13697250000000000,136972500.00000000,13697250000000000,136972500.00000000
S6a,S6/a,Customized Halving study scenario I,constant phase end,531.59246575,280245000,0,0.00000000,0,0.00000000,0.00000000,16800000000000000,168000000.00000000,0,0.00000000,0,0.00000000
S6a,S6/a,Customized Halving study scenario I,terminal height,531.59246575,280245000,0,0.00000000,0,0.00000000,0.00000000,16800000000000000,168000000.00000000,0,0.00000000,0,0.00000000
S6B,S6/b,Bounded Customized Halving study scenario II,activation,0.00000000,840000,400000000,4.00000000,210240000000000,2102400.00000000,10.67885714,1968750000000000,19687500.00000000,14831250000000000,148312500.00000000,14831250000000000,148312500.00000000
S6B,S6/b,Bounded Customized Halving study scenario II,1 year,1.00000000,1365600,400000000,4.00000000,210240000000000,2102400.00000000,9.64850688,2178990000000000,21789900.00000000,14621010000000000,146210100.00000000,14621010000000000,146210100.00000000
S6B,S6/b,Bounded Customized Halving study scenario II,2 years,2.00000000,1891200,400000000,4.00000000,146880000000000,1468800.00000000,6.14758730,2389230000000000,23892300.00000000,14410770000000000,144107700.00000000,14410770000000000,144107700.00000000
S6B,S6/b,Bounded Customized Halving study scenario II,5 years,5.00000000,3468000,200000000,2.00000000,105120000000000,1051200.00000000,3.82762576,2746350000000000,27463500.00000000,14053650000000000,140536500.00000000,14053650000000000,140536500.00000000
S6B,S6/b,Bounded Customized Halving study scenario II,10 years,10.00000000,6096000,100000000,1.00000000,39696000000000,396960.00000000,1.28784856,3082350000000000,30823500.00000000,13717650000000000,137176500.00000000,13717650000000000,137176500.00000000
S6B,S6/b,Bounded Customized Halving study scenario II,25 years,25.00000000,13980000,60000000,0.60000000,31536000000000,315360.00000000,0.88496022,3563550000000000,35635500.00000000,13236450000000000,132364500.00000000,13236450000000000,132364500.00000000
S6B,S6/b,Bounded Customized Halving study scenario II,50 years,50.00000000,27120000,60000000,0.60000000,31536000000000,315360.00000000,0.72464068,4351950000000000,43519500.00000000,12448050000000000,124480500.00000000,12448050000000000,124480500.00000000
S6B,S6/b,Bounded Customized Halving study scenario II,100 years,100.00000000,53400000,60000000,0.60000000,31536000000000,315360.00000000,0.53191651,5928750000000000,59287500.00000000,10871250000000000,108712500.00000000,10871250000000000,108712500.00000000
S6B,S6/b,Bounded Customized Halving study scenario II,200 years,200.00000000,105960000,60000000,0.60000000,31536000000000,315360.00000000,0.34722291,9082350000000000,90823500.00000000,7717650000000000,77176500.00000000,7717650000000000,77176500.00000000
S6B,S6/b,Bounded Customized Halving study scenario II,250 years,250.00000000,132240000,60000000,0.60000000,31536000000000,315360.00000000,0.29585849,10659150000000000,106591500.00000000,6140850000000000,61408500.00000000,6140850000000000,61408500.00000000
S6B,S6/b,Bounded Customized Halving study scenario II,500 years,500.00000000,263640000,0,0.00000000,0,0.00000000,0.00000000,16800000000000000,168000000.00000000,0,0.00000000,0,0.00000000
S6B,S6/b,Bounded Customized Halving study scenario II,constant phase start,10.38812785,6300000,60000000,0.60000000,31536000000000,315360.00000000,1.01638869,3102750000000000,31027500.00000000,13697250000000000,136972500.00000000,13697250000000000,136972500.00000000
S6B,S6/b,Bounded Customized Halving study scenario II,constant phase end,444.72507610,234587500,0,0.00000000,0,0.00000000,0.00000000,16800000000000000,168000000.00000000,0,0.00000000,0,0.00000000
S6B,S6/b,Bounded Customized Halving study scenario II,terminal height,444.72507610,234587500,0,0.00000000,0,0.00000000,0.00000000,16800000000000000,168000000.00000000,0,0.00000000,0,0.00000000
S6c,S6/c,Customized Halving study scenario III,activation,0.00000000,840000,400000000,4.00000000,210240000000000,2102400.00000000,10.67885714,1968750000000000,19687500.00000000,14831250000000000,148312500.00000000,14831250000000000,148312500.00000000
S6c,S6/c,Customized Halving study scenario III,1 year,1.00000000,1365600,400000000,4.00000000,210240000000000,2102400.00000000,9.64850688,2178990000000000,21789900.00000000,14621010000000000,146210100.00000000,14621010000000000,146210100.00000000
S6c,S6/c,Customized Halving study scenario III,2 years,2.00000000,1891200,400000000,4.00000000,146880000000000,1468800.00000000,6.14758730,2389230000000000,23892300.00000000,14410770000000000,144107700.00000000,14410770000000000,144107700.00000000
S6c,S6/c,Customized Halving study scenario III,5 years,5.00000000,3468000,200000000,2.00000000,105120000000000,1051200.00000000,3.82762576,2746350000000000,27463500.00000000,14053650000000000,140536500.00000000,14053650000000000,140536500.00000000
S6c,S6/c,Customized Halving study scenario III,10 years,10.00000000,6096000,100000000,1.00000000,52560000000000,525600.00000000,1.70519247,3082350000000000,30823500.00000000,13717650000000000,137176500.00000000,13717650000000000,137176500.00000000
S6c,S6/c,Customized Halving study scenario III,25 years,25.00000000,13980000,60000000,0.60000000,31536000000000,315360.00000000,0.86458033,3647550000000000,36475500.00000000,13152450000000000,131524500.00000000,13152450000000000,131524500.00000000
S6c,S6/c,Customized Halving study scenario III,50 years,50.00000000,27120000,60000000,0.60000000,31536000000000,315360.00000000,0.71091874,4435950000000000,44359500.00000000,12364050000000000,123640500.00000000,12364050000000000,123640500.00000000
S6c,S6/c,Customized Halving study scenario III,100 years,100.00000000,53400000,60000000,0.60000000,31536000000000,315360.00000000,0.52448547,6012750000000000,60127500.00000000,10787250000000000,107872500.00000000,10787250000000000,107872500.00000000
S6c,S6/c,Customized Halving study scenario III,200 years,200.00000000,105960000,60000000,0.60000000,31536000000000,315360.00000000,0.34404098,9166350000000000,91663500.00000000,7633650000000000,76336500.00000000,7633650000000000,76336500.00000000
S6c,S6/c,Customized Halving study scenario III,250 years,250.00000000,132240000,60000000,0.60000000,31536000000000,315360.00000000,0.29354519,10743150000000000,107431500.00000000,6056850000000000,60568500.00000000,6056850000000000,60568500.00000000
S6c,S6/c,Customized Halving study scenario III,500 years,500.00000000,263640000,0,0.00000000,0,0.00000000,0.00000000,16800000000000000,168000000.00000000,0,0.00000000,0,0.00000000
S6c,S6/c,Customized Halving study scenario III,constant phase start,14.38356164,8400000,60000000,0.60000000,31536000000000,315360.00000000,0.95195834,3312750000000000,33127500.00000000,13487250000000000,134872500.00000000,13487250000000000,134872500.00000000
S6c,S6/c,Customized Halving study scenario III,constant phase end,442.06145358,233187500,0,0.00000000,0,0.00000000,0.00000000,16800000000000000,168000000.00000000,0,0.00000000,0,0.00000000
S6c,S6/c,Customized Halving study scenario III,terminal height,442.06145358,233187500,0,0.00000000,0,0.00000000,0.00000000,16800000000000000,168000000.00000000,0,0.00000000,0,0.00000000
S7,S7,Aevust Core Customized Halving tail-emission implementation,activation,0.00000000,840000,400000000,4.00000000,210240000000000,2102400.00000000,10.67885714,1968750000000000,19687500.00000000,,,14831250000000000,148312500.00000000
S7,S7,Aevust Core Customized Halving tail-emission implementation,1 year,1.00000000,1365600,400000000,4.00000000,210240000000000,2102400.00000000,9.64850688,2178990000000000,21789900.00000000,,,14621010000000000,146210100.00000000
S7,S7,Aevust Core Customized Halving tail-emission implementation,2 years,2.00000000,1891200,400000000,4.00000000,146880000000000,1468800.00000000,6.14758730,2389230000000000,23892300.00000000,,,14410770000000000,144107700.00000000
S7,S7,Aevust Core Customized Halving tail-emission implementation,5 years,5.00000000,3468000,200000000,2.00000000,105120000000000,1051200.00000000,3.82762576,2746350000000000,27463500.00000000,,,14053650000000000,140536500.00000000
S7,S7,Aevust Core Customized Halving tail-emission implementation,10 years,10.00000000,6096000,100000000,1.00000000,39696000000000,396960.00000000,1.28784856,3082350000000000,30823500.00000000,,,13717650000000000,137176500.00000000
S7,S7,Aevust Core Customized Halving tail-emission implementation,25 years,25.00000000,13980000,60000000,0.60000000,31536000000000,315360.00000000,0.88496022,3563550000000000,35635500.00000000,,,13236450000000000,132364500.00000000
S7,S7,Aevust Core Customized Halving tail-emission implementation,50 years,50.00000000,27120000,60000000,0.60000000,31536000000000,315360.00000000,0.72464068,4351950000000000,43519500.00000000,,,12448050000000000,124480500.00000000
S7,S7,Aevust Core Customized Halving tail-emission implementation,100 years,100.00000000,53400000,60000000,0.60000000,31536000000000,315360.00000000,0.53191651,5928750000000000,59287500.00000000,,,10871250000000000,108712500.00000000
S7,S7,Aevust Core Customized Halving tail-emission implementation,200 years,200.00000000,105960000,60000000,0.60000000,31536000000000,315360.00000000,0.34722291,9082350000000000,90823500.00000000,,,7717650000000000,77176500.00000000
S7,S7,Aevust Core Customized Halving tail-emission implementation,250 years,250.00000000,132240000,60000000,0.60000000,31536000000000,315360.00000000,0.29585849,10659150000000000,106591500.00000000,,,6140850000000000,61408500.00000000
S7,S7,Aevust Core Customized Halving tail-emission implementation,500 years,500.00000000,263640000,60000000,0.60000000,31536000000000,315360.00000000,0.17006819,18543150000000000,185431500.00000000,,,0,0.00000000
S7,S7,Aevust Core Customized Halving tail-emission implementation,constant phase start,10.38812785,6300000,60000000,0.60000000,31536000000000,315360.00000000,1.01638869,3102750000000000,31027500.00000000,,,13697250000000000,136972500.00000000
