block_index,block_hash,previous_block_hash,reorg_depth,transaction_count,amount_rin,timestamp_unix,timestamp_utc,evidence_class
673816,00000001033e1daa80ff9a4ac2a7653cadec9f3b481e4698eade58cb7a7cdd0a,000000012cf0bae19acb17bd31cc3f001cfb4c33aec6ea896d4dd90139e74ba4,1,1,6.25,1785138904,2026-07-27T07:55:04Z,directly observed explorer orphan index
667019,000000025128178a57fff2ba58bbba5b659b2c96ae05c8395835e11444505a87,00000004787417d3a0391713bf3f4b7903798930b2d396e51f554059a50509e8,1,1,6.25,1784690813,2026-07-22T03:26:53Z,directly observed explorer orphan index
664321,00000003543e8103927772732bef34a785df9a397d90219049501df2c481f0ae,000000045c32615d33f91bcb611e40a34463edcf23c59be4f85fbfaa55360c62,1,1,6.25,1784517791,2026-07-20T03:23:11Z,directly observed explorer orphan index
660252,000000009cecf02ccbb9bfdbc6b0908bcefabb70f5736bec22d0ef0035a11f5a,000000005b165bca4ced3838e8c3c025b2f19ce56f4810ac15874f67651dde38,1,1,6.25,1784259139,2026-07-17T03:32:19Z,directly observed explorer orphan index
658028,00000000fbcad7e45be90bb3a338c960c39da1b41359abaa684082a9863bc9e8,000000005a4d22c2b9a71d82307aba0e65718e412bffb9fa20f8740afd20e6db,1,1,6.25,1784117578,2026-07-15T12:12:58Z,directly observed explorer orphan index
651061,00000002fa4b5d7dd9df39ae0df2f3031a01dd763ee50ca269af8a2b6498cf65,0000000152c08607deb24866cda3339a5343e7cab5de015121a8a374cf635a10,1,1,6.25,1783675073,2026-07-10T09:17:53Z,directly observed explorer orphan index
649848,000000021c2c0c32d7089faad0ea72ee2a5fb0aea76ee577b649c8978ca19740,0000000216d33048052a50492409e369aaa74df1051f1754cada541e05bcf41f,1,1,6.25,1783597895,2026-07-09T11:51:35Z,directly observed explorer orphan index
648649,000000033465096195d7d6572cf534a22aad82d50d0288535069beacb82d77c5,00000002612add56025e4cde42183a42dcb9749fe80c5f3533e388a3575397a1,1,1,6.25,1783521964,2026-07-08T14:46:04Z,directly observed explorer orphan index
647656,00000003d06b6ec8d3805faaf039d37e812a77bd8f06dbc1af9f332638b74029,00000004b9adfa9dd04284582a82be45d34cbedd28b94902b93b4470911735d7,1,1,6.25,1783459431,2026-07-07T21:23:51Z,directly observed explorer orphan index
646564,00000000be204964c3f3f8f3028bd7a7c3842750059cdbaf98afea781028b73a,000000003d5d8ab4da4a1202d2d3731c58271410ad40611b00732befe506cd60,1,1,6.25,1783389405,2026-07-07T01:56:45Z,directly observed explorer orphan index
644545,00000003cd10861c58539e593e26ab32520577db8501d498b06bcadbbc1d4f5f,000000035cd9961ae9f3a7e5420b1f65d1a501be01c0c881c4f85cde4de12ce9,1,1,6.25,1783259457,2026-07-05T13:50:57Z,directly observed explorer orphan index
640227,0000000182ace61051a406c3e253f8eef6bc001032aeb9bc29bd1dfce2e58407,000000011b3bc757a27ddf4f40946cdd18c458667283a0cdf3a28fea9bc81154,1,1,6.25,1782984578,2026-07-02T09:29:38Z,directly observed explorer orphan index
636095,00000001ee25414f8c573ff96c02891b4d436bfda3c917fa1ba855510a15f0e5,00000000c129867bbcbfa38e34a767237c9f0c3ed94513abeee8a537d3d9767b,1,1,6.25,1782723763,2026-06-29T09:02:43Z,directly observed explorer orphan index
635380,000000000149395a82e733aa438028eaa2857bb44f45b1d59067edb9bcdead0a,00000002039c38d951af74135bd7a9f421d6f06dbaa0517d55a90aa7cbaed0a5,1,1,6.25,1782678366,2026-06-28T20:26:06Z,directly observed explorer orphan index
630682,000000010f36b661a172d30817ff981fb342fdd2decf2a00887aed176e84e3f9,00000003e4733187948b4129dce13c0d53147b90d0b29e4077ade6340eec5d83,1,1,6.25,1782380943,2026-06-25T09:49:03Z,directly observed explorer orphan index
618450,000000009541091cd5bee94fdc55ab24a072dd707ed5170d3dcc74c005cec01e,00000002876597f63a6c602d83fd8fb6afa543ccd338a6c550bff113b94c92fb,1,1,12.5,1781594142,2026-06-16T07:15:42Z,directly observed explorer orphan index
614423,00000002a711b7e80c1c10ab81515453232bf1c36d04a30fba64fe87614f2142,00000000d0c82c5130afbcce8edda9acb5f8489bcd12ead4e44fd13933e6a3fd,1,1,12.5,1781336464,2026-06-13T07:41:04Z,directly observed explorer orphan index
612447,00000000e0470822ea5a7191cdc9c3c1d392da8482527ee5fa89ab0766db4c1d,00000001f9b2f3963b392c3e43560d3fc4fd9c6556faa3cdd2f7ffcc2ce897a1,1,1,12.5,1781210476,2026-06-11T20:41:16Z,directly observed explorer orphan index
612210,000000054c421c5912b0bf8f0e9c8e6e6327b99e1484bb35a66878fa6ed7da8b,0000000444db361f1fc0b13d15c1ab18612e08968eea3f33e6e20078fc5e6fc8,1,1,12.5,1781195405,2026-06-11T16:30:05Z,directly observed explorer orphan index
601179,0000000424adf7fbebd4ef781e147c0a3085507647946f360835b1695382aff0,0000000304aa082eadf50c35cdf115d15ffc74f3c986b782ef306e1584fc37ff,1,2,25,1780488401,2026-06-03T12:06:41Z,directly observed explorer orphan index
599955,00000004c336aae47fb8dfda04e965111acc69950691af55a813ba753dba1e25,0000000289a10131401eea740f67519b14f3f456760572878f7ca94d7b0926b5,1,2,37.5,1780410243,2026-06-02T14:24:03Z,directly observed explorer orphan index
599628,000000007830c745a027c965d86656d69636abe0f1fb3c9edf9ee41651c7afd7,0000000060a02dd7d7404c3c53da065d59ce42a5cea174f6c4319500d7b20075,1,1,12.5,1780389707,2026-06-02T08:41:47Z,directly observed explorer orphan index
596106,00000006af7aee020edc3f46ff0ce0a583ad32c3710a6a002b430d21ec3030ec,000000046e9705244ee527791b1953d3a3537b09b176e1771492241d40c4f5f6,1,1,12.5,1780167423,2026-05-30T18:57:03Z,directly observed explorer orphan index
594854,0000000079c3b4df8b265eea7b6fad21fc502fbaeeadd3a792d6e04d1afac218,00000003840ef28abc7ba7ca9429194663f6d2bc0da23ce2b18bf0c4b42b306d,1,1,12.5,1780087963,2026-05-29T20:52:43Z,directly observed explorer orphan index
594779,0000000101098953862187cbe60a1dbfb412a8e6c7450bc253fe4e618960d39c,00000004c92299acf3b7107a5f01328d79bb1501225330a05027953e26686d05,1,3,212.588402,1780083328,2026-05-29T19:35:28Z,directly observed explorer orphan index
594458,0000000369b81b49fdeae949274a81958a9df9665070f2b9e32588d1206d0118,00000002f9ec985ba3abcbff265d4d517c69888ac3bb3506ccffce26e80c1a27,1,1,12.5,1780062935,2026-05-29T13:55:35Z,directly observed explorer orphan index
594036,00000002d07f67dae44cd9cb9e2c2dfb44620eec94e54f2edc5c35ef8d5e39ea,000000012ad4d7f20dafe26d02f2919f350e428d23692d3b50ad900b9d87e30b,1,1,12.5,1780036461,2026-05-29T06:34:21Z,directly observed explorer orphan index
588019,00000000025bbf87de2f4d17a47d46b3fb2ca8cc9c075de159d8e7ad9d267863,00000001dab42a4a57d3f9827dc75958f263b8914a1284ebbc1fbc845066941b,1,1,12.5,1779656178,2026-05-24T20:56:18Z,directly observed explorer orphan index
583385,00000000337b765244d9fb19186852063d85f90e00b31df63b036a2c743f2f05,000000031e98453717f06d221a0ab79b257b4cd39712254071929006810947cf,1,1,12.5,1779363362,2026-05-21T11:36:02Z,directly observed explorer orphan index
