date_utc,rin_usd_historical_tick,btc_usd_historical_tick,rin_btc_derived,reported_volume_24h_usd,market_cap_usd,missing_rin_price,missing_btc_price,zero_reported_volume,low_reported_volume,days_since_last_reported_volume_at_least_100_usd,market_data_confidence,source,price_semantics,evidence_class
2025-07-28,0.000810000000,118584.64000000,0.0000000068305642,23.00000000,0.00000000,false,false,false,true,,low,CoinPaprika daily historical API,daily historical tick; not asserted to be exchange close,directly observed from a frozen public source
2025-07-29,0.000814000000,118137.03000000,0.0000000068903036,28.00000000,0.00000000,false,false,false,true,,low,CoinPaprika daily historical API,daily historical tick; not asserted to be exchange close,directly observed from a frozen public source
2025-07-30,0.000796000000,117779.06000000,0.0000000067584170,20.00000000,0.00000000,false,false,false,true,,low,CoinPaprika daily historical API,daily historical tick; not asserted to be exchange close,directly observed from a frozen public source
2025-07-31,0.000802000000,117939.07000000,0.0000000068001215,49.00000000,0.00000000,false,false,false,true,,low,CoinPaprika daily historical API,daily historical tick; not asserted to be exchange close,directly observed from a frozen public source
2025-08-01,0.000801000000,114844.42000000,0.0000000069746532,46.00000000,0.00000000,false,false,false,true,,low,CoinPaprika daily historical API,daily historical tick; not asserted to be exchange close,directly observed from a frozen public source
2025-08-02,0.000802000000,113395.25000000,0.0000000070726067,15.00000000,0.00000000,false,false,false,true,,low,CoinPaprika daily historical API,daily historical tick; not asserted to be exchange close,directly observed from a frozen public source
2025-08-03,0.000779000000,113891.96000000,0.0000000068398156,23.00000000,0.00000000,false,false,false,true,,low,CoinPaprika daily historical API,daily historical tick; not asserted to be exchange close,directly observed from a frozen public source
2025-08-04,0.000762000000,114814.23000000,0.0000000066368080,15.00000000,0.00000000,false,false,false,true,,low,CoinPaprika daily historical API,daily historical tick; not asserted to be exchange close,directly observed from a frozen public source
2025-08-05,0.000757000000,114140.14000000,0.0000000066321979,11.00000000,0.00000000,false,false,false,true,,low,CoinPaprika daily historical API,daily historical tick; not asserted to be exchange close,directly observed from a frozen public source
2025-08-06,0.000748000000,114477.57000000,0.0000000065340311,7.00000000,0.00000000,false,false,false,true,,low,CoinPaprika daily historical API,daily historical tick; not asserted to be exchange close,directly observed from a frozen public source
2025-08-07,0.000713000000,115918.75000000,0.0000000061508600,6.00000000,0.00000000,false,false,false,true,,low,CoinPaprika daily historical API,daily historical tick; not asserted to be exchange close,directly observed from a frozen public source
2025-08-08,0.000629000000,116645.37000000,0.0000000053924129,7.00000000,0.00000000,false,false,false,true,,low,CoinPaprika daily historical API,daily historical tick; not asserted to be exchange close,directly observed from a frozen public source
2025-08-09,0.000654000000,116701.41000000,0.0000000056040454,7.00000000,0.00000000,false,false,false,true,,low,CoinPaprika daily historical API,daily historical tick; not asserted to be exchange close,directly observed from a frozen public source
2025-08-10,0.000771000000,118104.86000000,0.0000000065280972,17.00000000,0.00000000,false,false,false,true,,low,CoinPaprika daily historical API,daily historical tick; not asserted to be exchange close,directly observed from a frozen public source
2025-08-11,0.000703000000,120301.34000000,0.0000000058436589,6.00000000,0.00000000,false,false,false,true,,low,CoinPaprika daily historical API,daily historical tick; not asserted to be exchange close,directly observed from a frozen public source
2025-08-12,0.000661000000,119132.25000000,0.0000000055484556,10.00000000,0.00000000,false,false,false,true,,low,CoinPaprika daily historical API,daily historical tick; not asserted to be exchange close,directly observed from a frozen public source
2025-08-13,0.000730000000,120695.46000000,0.0000000060482805,8.00000000,0.00000000,false,false,false,true,,low,CoinPaprika daily historical API,daily historical tick; not asserted to be exchange close,directly observed from a frozen public source
2025-08-14,0.000714000000,120391.99000000,0.0000000059306271,10.00000000,0.00000000,false,false,false,true,,low,CoinPaprika daily historical API,daily historical tick; not asserted to be exchange close,directly observed from a frozen public source
2025-08-15,0.000643000000,118278.22000000,0.0000000054363348,6.00000000,0.00000000,false,false,false,true,,low,CoinPaprika daily historical API,daily historical tick; not asserted to be exchange close,directly observed from a frozen public source
2025-08-16,0.000586000000,117698.50000000,0.0000000049788230,17.00000000,0.00000000,false,false,false,true,,low,CoinPaprika daily historical API,daily historical tick; not asserted to be exchange close,directly observed from a frozen public source
2025-08-17,0.000792000000,117963.78000000,0.0000000067139252,25.00000000,0.00000000,false,false,false,true,,low,CoinPaprika daily historical API,daily historical tick; not asserted to be exchange close,directly observed from a frozen public source
2025-08-18,0.000793000000,115956.16000000,0.0000000068387915,20.00000000,0.00000000,false,false,false,true,,low,CoinPaprika daily historical API,daily historical tick; not asserted to be exchange close,directly observed from a frozen public source
2025-08-19,0.000728000000,114684.68000000,0.0000000063478400,27.00000000,0.00000000,false,false,false,true,,low,CoinPaprika daily historical API,daily historical tick; not asserted to be exchange close,directly observed from a frozen public source
2025-08-20,0.000700000000,113730.97000000,0.0000000061548758,16.00000000,0.00000000,false,false,false,true,,low,CoinPaprika daily historical API,daily historical tick; not asserted to be exchange close,directly observed from a frozen public source
2025-08-21,0.000701000000,113287.45000000,0.0000000061877993,8.00000000,0.00000000,false,false,false,true,,low,CoinPaprika daily historical API,daily historical tick; not asserted to be exchange close,directly observed from a frozen public source
2025-08-22,0.000688000000,114408.73000000,0.0000000060135271,3.00000000,0.00000000,false,false,false,true,,low,CoinPaprika daily historical API,daily historical tick; not asserted to be exchange close,directly observed from a frozen public source
2025-08-23,0.000669000000,115445.14000000,0.0000000057949603,3.00000000,0.00000000,false,false,false,true,,low,CoinPaprika daily historical API,daily historical tick; not asserted to be exchange close,directly observed from a frozen public source
2025-08-24,0.000640000000,114512.63000000,0.0000000055889032,8.00000000,0.00000000,false,false,false,true,,low,CoinPaprika daily historical API,daily historical tick; not asserted to be exchange close,directly observed from a frozen public source
2025-08-25,0.000629000000,111923.92000000,0.0000000056198889,7.00000000,0.00000000,false,false,false,true,,low,CoinPaprika daily historical API,daily historical tick; not asserted to be exchange close,directly observed from a frozen public source
2025-08-26,0.000632000000,110360.97000000,0.0000000057266622,1.00000000,0.00000000,false,false,false,true,,low,CoinPaprika daily historical API,daily historical tick; not asserted to be exchange close,directly observed from a frozen public source
2025-08-27,0.000639000000,111518.61000000,0.0000000057299853,2.00000000,0.00000000,false,false,false,true,,low,CoinPaprika daily historical API,daily historical tick; not asserted to be exchange close,directly observed from a frozen public source
2025-08-28,0.000647000000,112570.00000000,0.0000000057475349,2.00000000,0.00000000,false,false,false,true,,low,CoinPaprika daily historical API,daily historical tick; not asserted to be exchange close,directly observed from a frozen public source
2025-08-29,0.000637000000,109894.51000000,0.0000000057964679,7.00000000,0.00000000,false,false,false,true,,low,CoinPaprika daily historical API,daily historical tick; not asserted to be exchange close,directly observed from a frozen public source
2025-08-30,0.000709000000,108566.00000000,0.0000000065305897,29.00000000,0.00000000,false,false,false,true,,low,CoinPaprika daily historical API,daily historical tick; not asserted to be exchange close,directly observed from a frozen public source
2025-08-31,0.000702000000,108860.04000000,0.0000000064486473,2.00000000,0.00000000,false,false,false,true,,low,CoinPaprika daily historical API,daily historical tick; not asserted to be exchange close,directly observed from a frozen public source
2025-09-01,0.000693000000,108605.41000000,0.0000000063808976,1.00000000,0.00000000,false,false,false,true,,low,CoinPaprika daily historical API,daily historical tick; not asserted to be exchange close,directly observed from a frozen public source
2025-09-02,0.000685000000,110396.82000000,0.0000000062048889,1.00000000,0.00000000,false,false,false,true,,low,CoinPaprika daily historical API,daily historical tick; not asserted to be exchange close,directly observed from a frozen public source
2025-09-03,0.000684000000,111542.95000000,0.0000000061321670,0.00000000,0.00000000,false,false,true,true,,low,CoinPaprika daily historical API,daily historical tick; not asserted to be exchange close,directly observed from a frozen public source
2025-09-04,0.000685000000,110700.62000000,0.0000000061878606,0.00000000,0.00000000,false,false,true,true,,low,CoinPaprika daily historical API,daily historical tick; not asserted to be exchange close,directly observed from a frozen public source
2025-09-05,0.000682000000,111554.99000000,0.0000000061135768,0.00000000,0.00000000,false,false,true,true,,low,CoinPaprika daily historical API,daily historical tick; not asserted to be exchange close,directly observed from a frozen public source
2025-09-06,0.000671000000,110656.91000000,0.0000000060637876,18.00000000,0.00000000,false,false,false,true,,low,CoinPaprika daily historical API,daily historical tick; not asserted to be exchange close,directly observed from a frozen public source
2025-09-07,0.000664000000,111007.08000000,0.0000000059816005,29.00000000,0.00000000,false,false,false,true,,low,CoinPaprika daily historical API,daily historical tick; not asserted to be exchange close,directly observed from a frozen public source
2025-09-08,0.000635000000,111812.86000000,0.0000000056791321,20.00000000,0.00000000,false,false,false,true,,low,CoinPaprika daily historical API,daily historical tick; not asserted to be exchange close,directly observed from a frozen public source
2025-09-09,0.000633000000,111934.25000000,0.0000000056551056,9.00000000,0.00000000,false,false,false,true,,low,CoinPaprika daily historical API,daily historical tick; not asserted to be exchange close,directly observed from a frozen public source
2025-09-10,0.000626000000,112764.91000000,0.0000000055513723,1.00000000,0.00000000,false,false,false,true,,low,CoinPaprika daily historical API,daily historical tick; not asserted to be exchange close,directly observed from a frozen public source
2025-09-11,0.000628000000,114263.57000000,0.0000000054960649,6.00000000,0.00000000,false,false,false,true,,low,CoinPaprika daily historical API,daily historical tick; not asserted to be exchange close,directly observed from a frozen public source
2025-09-12,0.000745000000,115519.53000000,0.0000000064491260,31.00000000,0.00000000,false,false,false,true,,low,CoinPaprika daily historical API,daily historical tick; not asserted to be exchange close,directly observed from a frozen public source
2025-09-13,0.000766000000,115818.78000000,0.0000000066137806,4.00000000,0.00000000,false,false,false,true,,low,CoinPaprika daily historical API,daily historical tick; not asserted to be exchange close,directly observed from a frozen public source
2025-09-14,0.000771000000,115706.95000000,0.0000000066633854,1.00000000,0.00000000,false,false,false,true,,low,CoinPaprika daily historical API,daily historical tick; not asserted to be exchange close,directly observed from a frozen public source
2025-09-15,0.001657000000,115318.75000000,0.0000000143688689,149.00000000,0.00000000,false,false,false,false,0,low,CoinPaprika daily historical API,daily historical tick; not asserted to be exchange close,directly observed from a frozen public source
2025-09-16,0.002206000000,115862.58000000,0.0000000190397970,101.00000000,0.00000000,false,false,false,false,0,low,CoinPaprika daily historical API,daily historical tick; not asserted to be exchange close,directly observed from a frozen public source
2025-09-17,0.002090000000,116368.07000000,0.0000000179602532,13.00000000,0.00000000,false,false,false,true,1,low,CoinPaprika daily historical API,daily historical tick; not asserted to be exchange close,directly observed from a frozen public source
2025-09-18,0.002048000000,117289.88000000,0.0000000174610120,9.00000000,0.00000000,false,false,false,true,2,low,CoinPaprika daily historical API,daily historical tick; not asserted to be exchange close,directly observed from a frozen public source
2025-09-19,0.002022000000,116363.63000000,0.0000000173765635,54.00000000,0.00000000,false,false,false,true,3,low,CoinPaprika daily historical API,daily historical tick; not asserted to be exchange close,directly observed from a frozen public source
2025-09-20,0.002002000000,115842.48000000,0.0000000172820886,66.00000000,0.00000000,false,false,false,true,4,low,CoinPaprika daily historical API,daily historical tick; not asserted to be exchange close,directly observed from a frozen public source
2025-09-21,0.001969000000,115635.22000000,0.0000000170276841,31.00000000,0.00000000,false,false,false,true,5,low,CoinPaprika daily historical API,daily historical tick; not asserted to be exchange close,directly observed from a frozen public source
2025-09-22,0.001722000000,113261.77000000,0.0000000152037179,19.00000000,0.00000000,false,false,false,true,6,low,CoinPaprika daily historical API,daily historical tick; not asserted to be exchange close,directly observed from a frozen public source
2025-09-23,0.001459000000,112601.65000000,0.0000000129571814,71.00000000,0.00000000,false,false,false,true,7,low,CoinPaprika daily historical API,daily historical tick; not asserted to be exchange close,directly observed from a frozen public source
2025-09-24,0.001328000000,113007.01000000,0.0000000117514834,49.00000000,0.00000000,false,false,false,true,8,low,CoinPaprika daily historical API,daily historical tick; not asserted to be exchange close,directly observed from a frozen public source
2025-09-25,0.001327000000,111322.68000000,0.0000000119203023,12.00000000,0.00000000,false,false,false,true,9,low,CoinPaprika daily historical API,daily historical tick; not asserted to be exchange close,directly observed from a frozen public source
2025-09-26,0.001206000000,109490.10000000,0.0000000110146945,34.00000000,0.00000000,false,false,false,true,10,low,CoinPaprika daily historical API,daily historical tick; not asserted to be exchange close,directly observed from a frozen public source
2025-09-27,0.001236000000,109544.19000000,0.0000000112831178,35.00000000,0.00000000,false,false,false,true,11,low,CoinPaprika daily historical API,daily historical tick; not asserted to be exchange close,directly observed from a frozen public source
2025-09-28,0.001191000000,110039.32000000,0.0000000108234039,17.00000000,0.00000000,false,false,false,true,12,low,CoinPaprika daily historical API,daily historical tick; not asserted to be exchange close,directly observed from a frozen public source
2025-09-29,0.001103000000,112925.09000000,0.0000000097675370,13.00000000,0.00000000,false,false,false,true,13,low,CoinPaprika daily historical API,daily historical tick; not asserted to be exchange close,directly observed from a frozen public source
2025-09-30,0.001024000000,113797.52000000,0.0000000089984386,10.00000000,0.00000000,false,false,false,true,14,low,CoinPaprika daily historical API,daily historical tick; not asserted to be exchange close,directly observed from a frozen public source
2025-10-01,0.000992000000,116199.82000000,0.0000000085370184,9.00000000,0.00000000,false,false,false,true,15,low,CoinPaprika daily historical API,daily historical tick; not asserted to be exchange close,directly observed from a frozen public source
2025-10-02,0.001083000000,119373.06000000,0.0000000090723987,23.00000000,0.00000000,false,false,false,true,16,low,CoinPaprika daily historical API,daily historical tick; not asserted to be exchange close,directly observed from a frozen public source
2025-10-03,0.000936000000,121082.36000000,0.0000000077302755,14.00000000,0.00000000,false,false,false,true,17,low,CoinPaprika daily historical API,daily historical tick; not asserted to be exchange close,directly observed from a frozen public source
2025-10-04,0.000926000000,122199.36000000,0.0000000075777811,4.00000000,0.00000000,false,false,false,true,18,low,CoinPaprika daily historical API,daily historical tick; not asserted to be exchange close,directly observed from a frozen public source
2025-10-05,0.001020000000,123446.95000000,0.0000000082626586,30.00000000,0.00000000,false,false,false,true,19,low,CoinPaprika daily historical API,daily historical tick; not asserted to be exchange close,directly observed from a frozen public source
2025-10-06,0.001006000000,124481.16000000,0.0000000080815442,15.00000000,0.00000000,false,false,false,true,20,low,CoinPaprika daily historical API,daily historical tick; not asserted to be exchange close,directly observed from a frozen public source
2025-10-07,0.000966000000,123346.45000000,0.0000000078315995,16.00000000,0.00000000,false,false,false,true,21,low,CoinPaprika daily historical API,daily historical tick; not asserted to be exchange close,directly observed from a frozen public source
2025-10-08,0.000873000000,122580.95000000,0.0000000071218244,18.00000000,0.00000000,false,false,false,true,22,low,CoinPaprika daily historical API,daily historical tick; not asserted to be exchange close,directly observed from a frozen public source
2025-10-09,0.000874000000,121854.72000000,0.0000000071724756,2.00000000,0.00000000,false,false,false,true,23,low,CoinPaprika daily historical API,daily historical tick; not asserted to be exchange close,directly observed from a frozen public source
2025-10-10,0.000881000000,119624.04000000,0.0000000073647404,3.00000000,0.00000000,false,false,false,true,24,low,CoinPaprika daily historical API,daily historical tick; not asserted to be exchange close,directly observed from a frozen public source
2025-10-11,0.000876000000,111959.70000000,0.0000000078242439,9.00000000,0.00000000,false,false,false,true,25,low,CoinPaprika daily historical API,daily historical tick; not asserted to be exchange close,directly observed from a frozen public source
2025-10-12,0.000893000000,112571.43000000,0.0000000079327410,7.00000000,0.00000000,false,false,false,true,26,low,CoinPaprika daily historical API,daily historical tick; not asserted to be exchange close,directly observed from a frozen public source
2025-10-13,0.000970000000,115128.26000000,0.0000000084253857,33.00000000,0.00000000,false,false,false,true,27,low,CoinPaprika daily historical API,daily historical tick; not asserted to be exchange close,directly observed from a frozen public source
2025-10-14,0.000872000000,112682.17000000,0.0000000077385801,26.00000000,0.00000000,false,false,false,true,28,low,CoinPaprika daily historical API,daily historical tick; not asserted to be exchange close,directly observed from a frozen public source
2025-10-15,0.000822000000,111933.78000000,0.0000000073436276,11.00000000,0.00000000,false,false,false,true,29,low,CoinPaprika daily historical API,daily historical tick; not asserted to be exchange close,directly observed from a frozen public source
2025-10-16,0.000806000000,110161.87000000,0.0000000073165062,4.00000000,0.00000000,false,false,false,true,30,low,CoinPaprika daily historical API,daily historical tick; not asserted to be exchange close,directly observed from a frozen public source
2025-10-17,0.000799000000,106892.75000000,0.0000000074747820,8.00000000,0.00000000,false,false,false,true,31,low,CoinPaprika daily historical API,daily historical tick; not asserted to be exchange close,directly observed from a frozen public source
2025-10-18,0.000861000000,107011.43000000,0.0000000080458695,10.00000000,0.00000000,false,false,false,true,32,low,CoinPaprika daily historical API,daily historical tick; not asserted to be exchange close,directly observed from a frozen public source
2025-10-19,0.000891000000,107924.33000000,0.0000000082557844,11.00000000,0.00000000,false,false,false,true,33,low,CoinPaprika daily historical API,daily historical tick; not asserted to be exchange close,directly observed from a frozen public source
2025-10-20,0.000875000000,110522.42000000,0.0000000079169457,8.00000000,0.00000000,false,false,false,true,34,low,CoinPaprika daily historical API,daily historical tick; not asserted to be exchange close,directly observed from a frozen public source
2025-10-21,0.000893000000,109810.89000000,0.0000000081321625,9.00000000,0.00000000,false,false,false,true,35,low,CoinPaprika daily historical API,daily historical tick; not asserted to be exchange close,directly observed from a frozen public source
2025-10-22,0.000898000000,108066.49000000,0.0000000083096990,9.00000000,0.00000000,false,false,false,true,36,low,CoinPaprika daily historical API,daily historical tick; not asserted to be exchange close,directly observed from a frozen public source
2025-10-23,0.000892000000,109442.24000000,0.0000000081504180,15.00000000,0.00000000,false,false,false,true,37,low,CoinPaprika daily historical API,daily historical tick; not asserted to be exchange close,directly observed from a frozen public source
2025-10-24,0.000882000000,110838.44000000,0.0000000079575281,18.00000000,0.00000000,false,false,false,true,38,low,CoinPaprika daily historical API,daily historical tick; not asserted to be exchange close,directly observed from a frozen public source
2025-10-25,0.000856000000,111475.98000000,0.0000000076787843,16.00000000,0.00000000,false,false,false,true,39,low,CoinPaprika daily historical API,daily historical tick; not asserted to be exchange close,directly observed from a frozen public source
2025-10-26,0.000860000000,112784.97000000,0.0000000076251295,9.00000000,0.00000000,false,false,false,true,40,low,CoinPaprika daily historical API,daily historical tick; not asserted to be exchange close,directly observed from a frozen public source
2025-10-27,0.000838000000,115122.07000000,0.0000000072792298,9.00000000,0.00000000,false,false,false,true,41,low,CoinPaprika daily historical API,daily historical tick; not asserted to be exchange close,directly observed from a frozen public source
2025-10-28,0.001058000000,114250.95000000,0.0000000092603169,42.00000000,0.00000000,false,false,false,true,42,low,CoinPaprika daily historical API,daily historical tick; not asserted to be exchange close,directly observed from a frozen public source
2025-10-29,0.001110000000,112354.75000000,0.0000000098794221,36.00000000,0.00000000,false,false,false,true,43,low,CoinPaprika daily historical API,daily historical tick; not asserted to be exchange close,directly observed from a frozen public source
2025-10-30,0.001177000000,109109.22000000,0.0000000107873560,17.00000000,0.00000000,false,false,false,true,44,low,CoinPaprika daily historical API,daily historical tick; not asserted to be exchange close,directly observed from a frozen public source
2025-10-31,0.000967000000,109678.62000000,0.0000000088166682,109.00000000,0.00000000,false,false,false,false,0,low,CoinPaprika daily historical API,daily historical tick; not asserted to be exchange close,directly observed from a frozen public source
2025-11-01,0.001106000000,110139.14000000,0.0000000100418434,110.00000000,0.00000000,false,false,false,false,0,low,CoinPaprika daily historical API,daily historical tick; not asserted to be exchange close,directly observed from a frozen public source
2025-11-02,0.001182000000,110385.15000000,0.0000000107079621,58.00000000,0.00000000,false,false,false,true,1,low,CoinPaprika daily historical API,daily historical tick; not asserted to be exchange close,directly observed from a frozen public source
2025-11-03,0.001011000000,107654.72000000,0.0000000093911349,21.00000000,0.00000000,false,false,false,true,2,low,CoinPaprika daily historical API,daily historical tick; not asserted to be exchange close,directly observed from a frozen public source
2025-11-04,0.000913000000,103790.11000000,0.0000000087965992,36.00000000,0.00000000,false,false,false,true,3,low,CoinPaprika daily historical API,daily historical tick; not asserted to be exchange close,directly observed from a frozen public source
2025-11-05,0.001006000000,102545.17000000,0.0000000098103109,51.00000000,0.00000000,false,false,false,true,4,low,CoinPaprika daily historical API,daily historical tick; not asserted to be exchange close,directly observed from a frozen public source
2025-11-06,0.000962000000,102584.27000000,0.0000000093776560,23.00000000,0.00000000,false,false,false,true,5,low,CoinPaprika daily historical API,daily historical tick; not asserted to be exchange close,directly observed from a frozen public source
2025-11-07,0.000920000000,101773.49000000,0.0000000090396821,13.00000000,0.00000000,false,false,false,true,6,low,CoinPaprika daily historical API,daily historical tick; not asserted to be exchange close,directly observed from a frozen public source
2025-11-08,0.000775000000,102324.83000000,0.0000000075739193,11.00000000,0.00000000,false,false,false,true,7,low,CoinPaprika daily historical API,daily historical tick; not asserted to be exchange close,directly observed from a frozen public source
2025-11-09,0.000822000000,102867.65000000,0.0000000079908504,17.00000000,0.00000000,false,false,false,true,8,low,CoinPaprika daily historical API,daily historical tick; not asserted to be exchange close,directly observed from a frozen public source
2025-11-10,0.000811000000,105944.83000000,0.0000000076549276,15.00000000,0.00000000,false,false,false,true,9,low,CoinPaprika daily historical API,daily historical tick; not asserted to be exchange close,directly observed from a frozen public source
2025-11-11,0.000801000000,104632.09000000,0.0000000076553952,10.00000000,0.00000000,false,false,false,true,10,low,CoinPaprika daily historical API,daily historical tick; not asserted to be exchange close,directly observed from a frozen public source
2025-11-12,0.000784000000,103178.47000000,0.0000000075984845,17.00000000,0.00000000,false,false,false,true,11,low,CoinPaprika daily historical API,daily historical tick; not asserted to be exchange close,directly observed from a frozen public source
2025-11-13,0.000824000000,101603.25000000,0.0000000081099768,12.00000000,0.00000000,false,false,false,true,12,low,CoinPaprika daily historical API,daily historical tick; not asserted to be exchange close,directly observed from a frozen public source
2025-11-14,0.000798000000,96760.18000000,0.0000000082471942,5.00000000,0.00000000,false,false,false,true,13,low,CoinPaprika daily historical API,daily historical tick; not asserted to be exchange close,directly observed from a frozen public source
2025-11-15,0.000798000000,95903.02000000,0.0000000083209058,3.00000000,0.00000000,false,false,false,true,14,low,CoinPaprika daily historical API,daily historical tick; not asserted to be exchange close,directly observed from a frozen public source
2025-11-16,0.000766000000,95270.66000000,0.0000000080402508,7.00000000,0.00000000,false,false,false,true,15,low,CoinPaprika daily historical API,daily historical tick; not asserted to be exchange close,directly observed from a frozen public source
2025-11-17,0.000760000000,94266.69000000,0.0000000080622328,14.00000000,0.00000000,false,false,false,true,16,low,CoinPaprika daily historical API,daily historical tick; not asserted to be exchange close,directly observed from a frozen public source
2025-11-18,0.000769000000,91789.37000000,0.0000000083778764,9.00000000,0.00000000,false,false,false,true,17,low,CoinPaprika daily historical API,daily historical tick; not asserted to be exchange close,directly observed from a frozen public source
2025-11-19,0.000801000000,91016.81000000,0.0000000088005721,17.00000000,0.00000000,false,false,false,true,18,low,CoinPaprika daily historical API,daily historical tick; not asserted to be exchange close,directly observed from a frozen public source
2025-11-20,0.000802000000,90399.12000000,0.0000000088717678,9.00000000,0.00000000,false,false,false,true,19,low,CoinPaprika daily historical API,daily historical tick; not asserted to be exchange close,directly observed from a frozen public source
2025-11-21,0.000812000000,84612.54000000,0.0000000095966863,5.00000000,0.00000000,false,false,false,true,20,low,CoinPaprika daily historical API,daily historical tick; not asserted to be exchange close,directly observed from a frozen public source
2025-11-22,0.000860000000,84403.71000000,0.0000000101891256,11.00000000,0.00000000,false,false,false,true,21,low,CoinPaprika daily historical API,daily historical tick; not asserted to be exchange close,directly observed from a frozen public source
2025-11-23,0.000844000000,86561.63000000,0.0000000097502785,28.00000000,0.00000000,false,false,false,true,22,low,CoinPaprika daily historical API,daily historical tick; not asserted to be exchange close,directly observed from a frozen public source
2025-11-24,0.000608000000,87248.79000000,0.0000000069685780,44.00000000,0.00000000,false,false,false,true,23,low,CoinPaprika daily historical API,daily historical tick; not asserted to be exchange close,directly observed from a frozen public source
2025-11-25,0.000575000000,87471.60000000,0.0000000065735622,24.00000000,0.00000000,false,false,false,true,24,low,CoinPaprika daily historical API,daily historical tick; not asserted to be exchange close,directly observed from a frozen public source
2025-11-26,0.000591000000,88104.93000000,0.0000000067079107,3.00000000,0.00000000,false,false,false,true,25,low,CoinPaprika daily historical API,daily historical tick; not asserted to be exchange close,directly observed from a frozen public source
2025-11-27,0.000577000000,91278.63000000,0.0000000063213043,2.00000000,0.00000000,false,false,false,true,26,low,CoinPaprika daily historical API,daily historical tick; not asserted to be exchange close,directly observed from a frozen public source
2025-11-28,0.000572000000,91379.02000000,0.0000000062596425,2.00000000,0.00000000,false,false,false,true,27,low,CoinPaprika daily historical API,daily historical tick; not asserted to be exchange close,directly observed from a frozen public source
2025-11-29,0.000573000000,90797.28000000,0.0000000063107617,2.00000000,0.00000000,false,false,false,true,28,low,CoinPaprika daily historical API,daily historical tick; not asserted to be exchange close,directly observed from a frozen public source
2025-11-30,0.000574000000,91248.66000000,0.0000000062905033,1.00000000,0.00000000,false,false,false,true,29,low,CoinPaprika daily historical API,daily historical tick; not asserted to be exchange close,directly observed from a frozen public source
2025-12-01,0.000499000000,86179.97000000,0.0000000057902086,12.00000000,0.00000000,false,false,false,true,30,low,CoinPaprika daily historical API,daily historical tick; not asserted to be exchange close,directly observed from a frozen public source
2025-12-02,0.000514000000,88698.72000000,0.0000000057948976,19.00000000,0.00000000,false,false,false,true,31,low,CoinPaprika daily historical API,daily historical tick; not asserted to be exchange close,directly observed from a frozen public source
2025-12-03,0.000514000000,92904.18000000,0.0000000055325821,2.00000000,0.00000000,false,false,false,true,32,low,CoinPaprika daily historical API,daily historical tick; not asserted to be exchange close,directly observed from a frozen public source
2025-12-04,0.000454000000,92893.75000000,0.0000000048873040,3.00000000,0.00000000,false,false,false,true,33,low,CoinPaprika daily historical API,daily historical tick; not asserted to be exchange close,directly observed from a frozen public source
2025-12-05,0.000465000000,90963.01000000,0.0000000051119680,20.00000000,0.00000000,false,false,false,true,34,low,CoinPaprika daily historical API,daily historical tick; not asserted to be exchange close,directly observed from a frozen public source
2025-12-06,0.000439000000,89611.33000000,0.0000000048989341,5.00000000,0.00000000,false,false,false,true,35,low,CoinPaprika daily historical API,daily historical tick; not asserted to be exchange close,directly observed from a frozen public source
2025-12-07,0.000408000000,89791.87000000,0.0000000045438412,4.00000000,0.00000000,false,false,false,true,36,low,CoinPaprika daily historical API,daily historical tick; not asserted to be exchange close,directly observed from a frozen public source
2025-12-08,0.000446000000,91103.87000000,0.0000000048955110,9.00000000,0.00000000,false,false,false,true,37,low,CoinPaprika daily historical API,daily historical tick; not asserted to be exchange close,directly observed from a frozen public source
2025-12-09,0.000377000000,91402.30000000,0.0000000041246227,5.00000000,0.00000000,false,false,false,true,38,low,CoinPaprika daily historical API,daily historical tick; not asserted to be exchange close,directly observed from a frozen public source
2025-12-10,0.000385000000,92454.26000000,0.0000000041642213,16.00000000,0.00000000,false,false,false,true,39,low,CoinPaprika daily historical API,daily historical tick; not asserted to be exchange close,directly observed from a frozen public source
2025-12-11,0.000335000000,90674.73000000,0.0000000036945244,9.00000000,0.00000000,false,false,false,true,40,low,CoinPaprika daily historical API,daily historical tick; not asserted to be exchange close,directly observed from a frozen public source
2025-12-12,0.000350000000,91620.41000000,0.0000000038201095,2.00000000,0.00000000,false,false,false,true,41,low,CoinPaprika daily historical API,daily historical tick; not asserted to be exchange close,directly observed from a frozen public source
2025-12-13,0.000365000000,90314.89000000,0.0000000040414155,2.00000000,0.00000000,false,false,false,true,42,low,CoinPaprika daily historical API,daily historical tick; not asserted to be exchange close,directly observed from a frozen public source
2025-12-14,0.000365000000,89539.56000000,0.0000000040764105,1.00000000,0.00000000,false,false,false,true,43,low,CoinPaprika daily historical API,daily historical tick; not asserted to be exchange close,directly observed from a frozen public source
2025-12-15,0.000357000000,88289.63000000,0.0000000040435100,1.00000000,0.00000000,false,false,false,true,44,low,CoinPaprika daily historical API,daily historical tick; not asserted to be exchange close,directly observed from a frozen public source
2025-12-16,0.000336000000,86864.95000000,0.0000000038680734,2.00000000,0.00000000,false,false,false,true,45,low,CoinPaprika daily historical API,daily historical tick; not asserted to be exchange close,directly observed from a frozen public source
2025-12-17,0.000322000000,86887.00000000,0.0000000037059629,2.00000000,0.00000000,false,false,false,true,46,low,CoinPaprika daily historical API,daily historical tick; not asserted to be exchange close,directly observed from a frozen public source
2025-12-18,0.000333000000,86694.97000000,0.0000000038410533,2.00000000,0.00000000,false,false,false,true,47,low,CoinPaprika daily historical API,daily historical tick; not asserted to be exchange close,directly observed from a frozen public source
2025-12-19,,87486.38000000,,,,true,false,false,false,48,unusable,CoinPaprika daily historical API,daily historical tick; not asserted to be exchange close,directly observed from a frozen public source
2025-12-20,,88237.52000000,,,,true,false,false,false,49,unusable,CoinPaprika daily historical API,daily historical tick; not asserted to be exchange close,directly observed from a frozen public source
2025-12-21,,88320.13000000,,,,true,false,false,false,50,unusable,CoinPaprika daily historical API,daily historical tick; not asserted to be exchange close,directly observed from a frozen public source
2025-12-22,,89156.59000000,,,,true,false,false,false,51,unusable,CoinPaprika daily historical API,daily historical tick; not asserted to be exchange close,directly observed from a frozen public source
2025-12-23,,87790.29000000,,,,true,false,false,false,52,unusable,CoinPaprika daily historical API,daily historical tick; not asserted to be exchange close,directly observed from a frozen public source
2025-12-24,,87276.79000000,,,,true,false,false,false,53,unusable,CoinPaprika daily historical API,daily historical tick; not asserted to be exchange close,directly observed from a frozen public source
2025-12-25,,87760.46000000,,,,true,false,false,false,54,unusable,CoinPaprika daily historical API,daily historical tick; not asserted to be exchange close,directly observed from a frozen public source
2025-12-26,,88108.38000000,,,,true,false,false,false,55,unusable,CoinPaprika daily historical API,daily historical tick; not asserted to be exchange close,directly observed from a frozen public source
2025-12-27,,87516.30000000,,,,true,false,false,false,56,unusable,CoinPaprika daily historical API,daily historical tick; not asserted to be exchange close,directly observed from a frozen public source
2025-12-28,,87778.57000000,,,,true,false,false,false,57,unusable,CoinPaprika daily historical API,daily historical tick; not asserted to be exchange close,directly observed from a frozen public source
2025-12-29,,88219.89000000,,,,true,false,false,false,58,unusable,CoinPaprika daily historical API,daily historical tick; not asserted to be exchange close,directly observed from a frozen public source
2025-12-30,,87857.94000000,,,,true,false,false,false,59,unusable,CoinPaprika daily historical API,daily historical tick; not asserted to be exchange close,directly observed from a frozen public source
2025-12-31,,88220.50000000,,,,true,false,false,false,60,unusable,CoinPaprika daily historical API,daily historical tick; not asserted to be exchange close,directly observed from a frozen public source
2026-01-01,,87905.36000000,,,,true,false,false,false,61,unusable,CoinPaprika daily historical API,daily historical tick; not asserted to be exchange close,directly observed from a frozen public source
2026-01-02,,89351.04000000,,,,true,false,false,false,62,unusable,CoinPaprika daily historical API,daily historical tick; not asserted to be exchange close,directly observed from a frozen public source
2026-01-03,,90046.42000000,,,,true,false,false,false,63,unusable,CoinPaprika daily historical API,daily historical tick; not asserted to be exchange close,directly observed from a frozen public source
2026-01-04,,91282.67000000,,,,true,false,false,false,64,unusable,CoinPaprika daily historical API,daily historical tick; not asserted to be exchange close,directly observed from a frozen public source
2026-01-05,,93184.52000000,,,,true,false,false,false,65,unusable,CoinPaprika daily historical API,daily historical tick; not asserted to be exchange close,directly observed from a frozen public source
2026-01-06,,93367.54000000,,,,true,false,false,false,66,unusable,CoinPaprika daily historical API,daily historical tick; not asserted to be exchange close,directly observed from a frozen public source
2026-01-07,,91970.90000000,,,,true,false,false,false,67,unusable,CoinPaprika daily historical API,daily historical tick; not asserted to be exchange close,directly observed from a frozen public source
2026-01-08,,90648.63000000,,,,true,false,false,false,68,unusable,CoinPaprika daily historical API,daily historical tick; not asserted to be exchange close,directly observed from a frozen public source
2026-01-09,,90732.49000000,,,,true,false,false,false,69,unusable,CoinPaprika daily historical API,daily historical tick; not asserted to be exchange close,directly observed from a frozen public source
2026-01-10,,90559.71000000,,,,true,false,false,false,70,unusable,CoinPaprika daily historical API,daily historical tick; not asserted to be exchange close,directly observed from a frozen public source
2026-01-11,,90721.65000000,,,,true,false,false,false,71,unusable,CoinPaprika daily historical API,daily historical tick; not asserted to be exchange close,directly observed from a frozen public source
2026-01-12,,91325.77000000,,,,true,false,false,false,72,unusable,CoinPaprika daily historical API,daily historical tick; not asserted to be exchange close,directly observed from a frozen public source
2026-01-13,,92598.66000000,,,,true,false,false,false,73,unusable,CoinPaprika daily historical API,daily historical tick; not asserted to be exchange close,directly observed from a frozen public source
2026-01-14,,95904.13000000,,,,true,false,false,false,74,unusable,CoinPaprika daily historical API,daily historical tick; not asserted to be exchange close,directly observed from a frozen public source
2026-01-15,,96277.14000000,,,,true,false,false,false,75,unusable,CoinPaprika daily historical API,daily historical tick; not asserted to be exchange close,directly observed from a frozen public source
2026-01-16,,95347.01000000,,,,true,false,false,false,76,unusable,CoinPaprika daily historical API,daily historical tick; not asserted to be exchange close,directly observed from a frozen public source
2026-01-17,,95291.07000000,,,,true,false,false,false,77,unusable,CoinPaprika daily historical API,daily historical tick; not asserted to be exchange close,directly observed from a frozen public source
2026-01-18,,95147.40000000,,,,true,false,false,false,78,unusable,CoinPaprika daily historical API,daily historical tick; not asserted to be exchange close,directly observed from a frozen public source
2026-01-19,0.000591000000,92891.07000000,0.0000000063622908,106.00000000,0.00000000,false,false,false,false,0,low,CoinPaprika daily historical API,daily historical tick; not asserted to be exchange close,directly observed from a frozen public source
2026-01-20,0.000547000000,90839.76000000,0.0000000060215923,42.00000000,0.00000000,false,false,false,true,1,low,CoinPaprika daily historical API,daily historical tick; not asserted to be exchange close,directly observed from a frozen public source
2026-01-21,0.000496000000,89232.65000000,0.0000000055585035,41.00000000,0.00000000,false,false,false,true,2,low,CoinPaprika daily historical API,daily historical tick; not asserted to be exchange close,directly observed from a frozen public source
2026-01-22,0.000517000000,89680.57000000,0.0000000057649054,52.00000000,0.00000000,false,false,false,true,3,low,CoinPaprika daily historical API,daily historical tick; not asserted to be exchange close,directly observed from a frozen public source
2026-01-23,0.000490000000,89572.83000000,0.0000000054704088,32.00000000,0.00000000,false,false,false,true,4,low,CoinPaprika daily historical API,daily historical tick; not asserted to be exchange close,directly observed from a frozen public source
2026-01-24,0.000499000000,89446.94000000,0.0000000055787263,35.00000000,0.00000000,false,false,false,true,5,low,CoinPaprika daily historical API,daily historical tick; not asserted to be exchange close,directly observed from a frozen public source
2026-01-25,0.000522000000,88177.75000000,0.0000000059198607,40.00000000,0.00000000,false,false,false,true,6,low,CoinPaprika daily historical API,daily historical tick; not asserted to be exchange close,directly observed from a frozen public source
2026-01-26,0.000502000000,87766.07000000,0.0000000057197502,30.00000000,0.00000000,false,false,false,true,7,low,CoinPaprika daily historical API,daily historical tick; not asserted to be exchange close,directly observed from a frozen public source
2026-01-27,0.000482000000,88327.91000000,0.0000000054569388,29.00000000,0.00000000,false,false,false,true,8,low,CoinPaprika daily historical API,daily historical tick; not asserted to be exchange close,directly observed from a frozen public source
2026-01-28,0.000473000000,89331.51000000,0.0000000052948842,27.00000000,0.00000000,false,false,false,true,9,low,CoinPaprika daily historical API,daily historical tick; not asserted to be exchange close,directly observed from a frozen public source
2026-01-29,0.000471000000,86740.02000000,0.0000000054300195,23.00000000,0.00000000,false,false,false,true,10,low,CoinPaprika daily historical API,daily historical tick; not asserted to be exchange close,directly observed from a frozen public source
2026-01-30,0.000471000000,83057.98000000,0.0000000056707375,19.00000000,0.00000000,false,false,false,true,11,low,CoinPaprika daily historical API,daily historical tick; not asserted to be exchange close,directly observed from a frozen public source
2026-01-31,0.000471000000,81668.53000000,0.0000000057672154,15.00000000,0.00000000,false,false,false,true,12,low,CoinPaprika daily historical API,daily historical tick; not asserted to be exchange close,directly observed from a frozen public source
2026-02-01,0.000464000000,78127.38000000,0.0000000059390191,14.00000000,0.00000000,false,false,false,true,13,low,CoinPaprika daily historical API,daily historical tick; not asserted to be exchange close,directly observed from a frozen public source
2026-02-02,0.000458000000,77597.29000000,0.0000000059022680,16.00000000,0.00000000,false,false,false,true,14,low,CoinPaprika daily historical API,daily historical tick; not asserted to be exchange close,directly observed from a frozen public source
2026-02-03,0.000448000000,77463.83000000,0.0000000057833443,18.00000000,0.00000000,false,false,false,true,15,low,CoinPaprika daily historical API,daily historical tick; not asserted to be exchange close,directly observed from a frozen public source
2026-02-04,0.000454000000,75073.02000000,0.0000000060474455,17.00000000,0.00000000,false,false,false,true,16,low,CoinPaprika daily historical API,daily historical tick; not asserted to be exchange close,directly observed from a frozen public source
2026-02-05,0.000463000000,68972.60000000,0.0000000067128106,29.00000000,0.00000000,false,false,false,true,17,low,CoinPaprika daily historical API,daily historical tick; not asserted to be exchange close,directly observed from a frozen public source
2026-02-06,0.000493000000,67133.48000000,0.0000000073435788,44.00000000,0.00000000,false,false,false,true,18,low,CoinPaprika daily historical API,daily historical tick; not asserted to be exchange close,directly observed from a frozen public source
2026-02-07,0.000490000000,69353.25000000,0.0000000070652781,35.00000000,0.00000000,false,false,false,true,19,low,CoinPaprika daily historical API,daily historical tick; not asserted to be exchange close,directly observed from a frozen public source
2026-02-08,0.000510000000,70326.22000000,0.0000000072519183,41.00000000,0.00000000,false,false,false,true,20,low,CoinPaprika daily historical API,daily historical tick; not asserted to be exchange close,directly observed from a frozen public source
2026-02-09,0.000520000000,70099.93000000,0.0000000074179817,37.00000000,0.00000000,false,false,false,true,21,low,CoinPaprika daily historical API,daily historical tick; not asserted to be exchange close,directly observed from a frozen public source
2026-02-10,0.000508000000,69203.14000000,0.0000000073407074,32.00000000,0.00000000,false,false,false,true,22,low,CoinPaprika daily historical API,daily historical tick; not asserted to be exchange close,directly observed from a frozen public source
2026-02-11,0.000496000000,67407.22000000,0.0000000073582622,39.00000000,0.00000000,false,false,false,true,23,low,CoinPaprika daily historical API,daily historical tick; not asserted to be exchange close,directly observed from a frozen public source
2026-02-12,0.000490000000,66956.57000000,0.0000000073181765,32.00000000,0.00000000,false,false,false,true,24,low,CoinPaprika daily historical API,daily historical tick; not asserted to be exchange close,directly observed from a frozen public source
2026-02-13,0.000507000000,67488.87000000,0.0000000075123498,38.00000000,0.00000000,false,false,false,true,25,low,CoinPaprika daily historical API,daily historical tick; not asserted to be exchange close,directly observed from a frozen public source
2026-02-14,0.000547000000,69506.78000000,0.0000000078697359,46.00000000,0.00000000,false,false,false,true,26,low,CoinPaprika daily historical API,daily historical tick; not asserted to be exchange close,directly observed from a frozen public source
2026-02-15,0.000534000000,69527.73000000,0.0000000076803888,38.00000000,0.00000000,false,false,false,true,27,low,CoinPaprika daily historical API,daily historical tick; not asserted to be exchange close,directly observed from a frozen public source
2026-02-16,0.000498000000,68504.62000000,0.0000000072695827,43.00000000,0.00000000,false,false,false,true,28,low,CoinPaprika daily historical API,daily historical tick; not asserted to be exchange close,directly observed from a frozen public source
2026-02-17,0.000491000000,68039.73000000,0.0000000072163720,35.00000000,0.00000000,false,false,false,true,29,low,CoinPaprika daily historical API,daily historical tick; not asserted to be exchange close,directly observed from a frozen public source
2026-02-18,0.000496000000,67297.36000000,0.0000000073702743,35.00000000,0.00000000,false,false,false,true,30,low,CoinPaprika daily historical API,daily historical tick; not asserted to be exchange close,directly observed from a frozen public source
2026-02-19,0.000498000000,66751.82000000,0.0000000074604707,37.00000000,0.00000000,false,false,false,true,31,low,CoinPaprika daily historical API,daily historical tick; not asserted to be exchange close,directly observed from a frozen public source
2026-02-20,0.000494000000,67581.44000000,0.0000000073096992,36.00000000,0.00000000,false,false,false,true,32,low,CoinPaprika daily historical API,daily historical tick; not asserted to be exchange close,directly observed from a frozen public source
2026-02-21,0.000490000000,68144.59000000,0.0000000071905928,33.00000000,0.00000000,false,false,false,true,33,low,CoinPaprika daily historical API,daily historical tick; not asserted to be exchange close,directly observed from a frozen public source
2026-02-22,0.000477000000,67817.77000000,0.0000000070335548,44.00000000,0.00000000,false,false,false,true,34,low,CoinPaprika daily historical API,daily historical tick; not asserted to be exchange close,directly observed from a frozen public source
2026-02-23,0.000496000000,65444.89000000,0.0000000075788958,51.00000000,0.00000000,false,false,false,true,35,low,CoinPaprika daily historical API,daily historical tick; not asserted to be exchange close,directly observed from a frozen public source
2026-02-24,0.000488000000,63752.42000000,0.0000000076546114,30.00000000,0.00000000,false,false,false,true,36,low,CoinPaprika daily historical API,daily historical tick; not asserted to be exchange close,directly observed from a frozen public source
2026-02-25,0.000464000000,66640.01000000,0.0000000069627841,30.00000000,0.00000000,false,false,false,true,37,low,CoinPaprika daily historical API,daily historical tick; not asserted to be exchange close,directly observed from a frozen public source
2026-02-26,0.000451000000,67909.54000000,0.0000000066411877,29.00000000,0.00000000,false,false,false,true,38,low,CoinPaprika daily historical API,daily historical tick; not asserted to be exchange close,directly observed from a frozen public source
2026-02-27,0.000448000000,66615.30000000,0.0000000067251818,24.00000000,0.00000000,false,false,false,true,39,low,CoinPaprika daily historical API,daily historical tick; not asserted to be exchange close,directly observed from a frozen public source
2026-02-28,0.000448000000,65240.98000000,0.0000000068668496,18.00000000,0.00000000,false,false,false,true,40,low,CoinPaprika daily historical API,daily historical tick; not asserted to be exchange close,directly observed from a frozen public source
2026-03-01,0.000449000000,66650.43000000,0.0000000067366407,15.00000000,0.00000000,false,false,false,true,41,low,CoinPaprika daily historical API,daily historical tick; not asserted to be exchange close,directly observed from a frozen public source
2026-03-02,0.000441000000,67354.38000000,0.0000000065474584,14.00000000,0.00000000,false,false,false,true,42,low,CoinPaprika daily historical API,daily historical tick; not asserted to be exchange close,directly observed from a frozen public source
2026-03-03,0.000432000000,67933.81000000,0.0000000063591310,20.00000000,0.00000000,false,false,false,true,43,low,CoinPaprika daily historical API,daily historical tick; not asserted to be exchange close,directly observed from a frozen public source
2026-03-04,0.000413000000,70884.16000000,0.0000000058264075,24.00000000,0.00000000,false,false,false,true,44,low,CoinPaprika daily historical API,daily historical tick; not asserted to be exchange close,directly observed from a frozen public source
2026-03-05,0.000409000000,72084.02000000,0.0000000056739344,21.00000000,0.00000000,false,false,false,true,45,low,CoinPaprika daily historical API,daily historical tick; not asserted to be exchange close,directly observed from a frozen public source
2026-03-06,0.000392000000,69692.16000000,0.0000000056247360,22.00000000,0.00000000,false,false,false,true,46,low,CoinPaprika daily historical API,daily historical tick; not asserted to be exchange close,directly observed from a frozen public source
2026-03-07,0.000346000000,67844.66000000,0.0000000050998855,29.00000000,0.00000000,false,false,false,true,47,low,CoinPaprika daily historical API,daily historical tick; not asserted to be exchange close,directly observed from a frozen public source
2026-03-08,0.000438000000,67151.41000000,0.0000000065225734,50.00000000,0.00000000,false,false,false,true,48,low,CoinPaprika daily historical API,daily historical tick; not asserted to be exchange close,directly observed from a frozen public source
2026-03-09,0.000435000000,67993.30000000,0.0000000063976892,28.00000000,0.00000000,false,false,false,true,49,low,CoinPaprika daily historical API,daily historical tick; not asserted to be exchange close,directly observed from a frozen public source
2026-03-10,0.000428000000,70229.47000000,0.0000000060943077,32.00000000,0.00000000,false,false,false,true,50,low,CoinPaprika daily historical API,daily historical tick; not asserted to be exchange close,directly observed from a frozen public source
2026-03-11,0.000426000000,70075.29000000,0.0000000060791757,34.00000000,0.00000000,false,false,false,true,51,low,CoinPaprika daily historical API,daily historical tick; not asserted to be exchange close,directly observed from a frozen public source
2026-03-12,0.000413000000,70006.34000000,0.0000000058994657,26.00000000,0.00000000,false,false,false,true,52,low,CoinPaprika daily historical API,daily historical tick; not asserted to be exchange close,directly observed from a frozen public source
2026-03-13,0.000407000000,71679.16000000,0.0000000056780799,25.00000000,0.00000000,false,false,false,true,53,low,CoinPaprika daily historical API,daily historical tick; not asserted to be exchange close,directly observed from a frozen public source
2026-03-14,0.000417000000,70766.93000000,0.0000000058925829,32.00000000,0.00000000,false,false,false,true,54,low,CoinPaprika daily historical API,daily historical tick; not asserted to be exchange close,directly observed from a frozen public source
2026-03-15,0.000407000000,71606.49000000,0.0000000056838423,24.00000000,0.00000000,false,false,false,true,55,low,CoinPaprika daily historical API,daily historical tick; not asserted to be exchange close,directly observed from a frozen public source
2026-03-16,0.000401000000,73651.92000000,0.0000000054445288,22.00000000,0.00000000,false,false,false,true,56,low,CoinPaprika daily historical API,daily historical tick; not asserted to be exchange close,directly observed from a frozen public source
2026-03-17,0.000424000000,74369.76000000,0.0000000057012420,36.00000000,0.00000000,false,false,false,true,57,low,CoinPaprika daily historical API,daily historical tick; not asserted to be exchange close,directly observed from a frozen public source
2026-03-18,0.000407000000,72788.68000000,0.0000000055915288,49.00000000,0.00000000,false,false,false,true,58,low,CoinPaprika daily historical API,daily historical tick; not asserted to be exchange close,directly observed from a frozen public source
2026-03-19,0.000436000000,70245.86000000,0.0000000062067715,37.00000000,0.00000000,false,false,false,true,59,low,CoinPaprika daily historical API,daily historical tick; not asserted to be exchange close,directly observed from a frozen public source
2026-03-20,0.000455000000,70335.28000000,0.0000000064690153,38.00000000,0.00000000,false,false,false,true,60,low,CoinPaprika daily historical API,daily historical tick; not asserted to be exchange close,directly observed from a frozen public source
2026-03-21,0.000449000000,70562.79000000,0.0000000063631271,32.00000000,0.00000000,false,false,false,true,61,low,CoinPaprika daily historical API,daily historical tick; not asserted to be exchange close,directly observed from a frozen public source
2026-03-22,0.000450000000,68740.35000000,0.0000000065463734,37.00000000,0.00000000,false,false,false,true,62,low,CoinPaprika daily historical API,daily historical tick; not asserted to be exchange close,directly observed from a frozen public source
2026-03-23,0.000442000000,69606.44000000,0.0000000063499872,35.00000000,0.00000000,false,false,false,true,63,low,CoinPaprika daily historical API,daily historical tick; not asserted to be exchange close,directly observed from a frozen public source
2026-03-24,0.000391000000,70353.47000000,0.0000000055576505,35.00000000,0.00000000,false,false,false,true,64,low,CoinPaprika daily historical API,daily historical tick; not asserted to be exchange close,directly observed from a frozen public source
2026-03-25,0.000313000000,71070.16000000,0.0000000044040987,43.00000000,0.00000000,false,false,false,true,65,low,CoinPaprika daily historical API,daily historical tick; not asserted to be exchange close,directly observed from a frozen public source
2026-03-26,0.000306000000,69656.80000000,0.0000000043929667,19.00000000,0.00000000,false,false,false,true,66,low,CoinPaprika daily historical API,daily historical tick; not asserted to be exchange close,directly observed from a frozen public source
2026-03-27,0.000397000000,67201.38000000,0.0000000059076168,50.00000000,0.00000000,false,false,false,true,67,low,CoinPaprika daily historical API,daily historical tick; not asserted to be exchange close,directly observed from a frozen public source
2026-03-28,0.000444000000,66526.06000000,0.0000000066740763,46.00000000,0.00000000,false,false,false,true,68,low,CoinPaprika daily historical API,daily historical tick; not asserted to be exchange close,directly observed from a frozen public source
2026-03-29,0.000436000000,66552.11000000,0.0000000065512574,45.00000000,0.00000000,false,false,false,true,69,low,CoinPaprika daily historical API,daily historical tick; not asserted to be exchange close,directly observed from a frozen public source
2026-03-30,0.000426000000,67134.81000000,0.0000000063454414,34.00000000,0.00000000,false,false,false,true,70,low,CoinPaprika daily historical API,daily historical tick; not asserted to be exchange close,directly observed from a frozen public source
2026-03-31,0.000416000000,67375.00000000,0.0000000061743970,30.00000000,0.00000000,false,false,false,true,71,low,CoinPaprika daily historical API,daily historical tick; not asserted to be exchange close,directly observed from a frozen public source
2026-04-01,0.000375000000,68353.60000000,0.0000000054861778,46.00000000,0.00000000,false,false,false,true,72,low,CoinPaprika daily historical API,daily historical tick; not asserted to be exchange close,directly observed from a frozen public source
2026-04-02,0.000372000000,66785.00000000,0.0000000055701130,79.00000000,0.00000000,false,false,false,true,73,low,CoinPaprika daily historical API,daily historical tick; not asserted to be exchange close,directly observed from a frozen public source
2026-04-03,0.000371000000,66816.76000000,0.0000000055524991,29.00000000,0.00000000,false,false,false,true,74,low,CoinPaprika daily historical API,daily historical tick; not asserted to be exchange close,directly observed from a frozen public source
2026-04-04,0.000355000000,67112.88000000,0.0000000052895957,22.00000000,0.00000000,false,false,false,true,75,low,CoinPaprika daily historical API,daily historical tick; not asserted to be exchange close,directly observed from a frozen public source
2026-04-05,0.000352000000,67212.37000000,0.0000000052371312,19.00000000,0.00000000,false,false,false,true,76,low,CoinPaprika daily historical API,daily historical tick; not asserted to be exchange close,directly observed from a frozen public source
2026-04-06,0.000348000000,69396.42000000,0.0000000050146679,17.00000000,0.00000000,false,false,false,true,77,low,CoinPaprika daily historical API,daily historical tick; not asserted to be exchange close,directly observed from a frozen public source
2026-04-07,0.000351000000,68865.32000000,0.0000000050969051,18.00000000,0.00000000,false,false,false,true,78,low,CoinPaprika daily historical API,daily historical tick; not asserted to be exchange close,directly observed from a frozen public source
2026-04-08,0.000362000000,71559.23000000,0.0000000050587464,19.00000000,0.00000000,false,false,false,true,79,low,CoinPaprika daily historical API,daily historical tick; not asserted to be exchange close,directly observed from a frozen public source
2026-04-09,0.000364000000,71440.14000000,0.0000000050951748,15.00000000,0.00000000,false,false,false,true,80,low,CoinPaprika daily historical API,daily historical tick; not asserted to be exchange close,directly observed from a frozen public source
2026-04-10,0.000364000000,72388.12000000,0.0000000050284494,16.00000000,0.00000000,false,false,false,true,81,low,CoinPaprika daily historical API,daily historical tick; not asserted to be exchange close,directly observed from a frozen public source
2026-04-11,0.000343000000,72993.16000000,0.0000000046990704,22.00000000,0.00000000,false,false,false,true,82,low,CoinPaprika daily historical API,daily historical tick; not asserted to be exchange close,directly observed from a frozen public source
2026-04-12,0.000330000000,71458.34000000,0.0000000046180754,22.00000000,0.00000000,false,false,false,true,83,low,CoinPaprika daily historical API,daily historical tick; not asserted to be exchange close,directly observed from a frozen public source
2026-04-13,0.000330000000,71744.43000000,0.0000000045996602,24.00000000,0.00000000,false,false,false,true,84,low,CoinPaprika daily historical API,daily historical tick; not asserted to be exchange close,directly observed from a frozen public source
2026-04-14,0.000330000000,74539.25000000,0.0000000044271978,18.00000000,0.00000000,false,false,false,true,85,low,CoinPaprika daily historical API,daily historical tick; not asserted to be exchange close,directly observed from a frozen public source
2026-04-15,0.000331000000,74310.02000000,0.0000000044543118,14.00000000,0.00000000,false,false,false,true,86,low,CoinPaprika daily historical API,daily historical tick; not asserted to be exchange close,directly observed from a frozen public source
2026-04-16,0.000330000000,74729.68000000,0.0000000044159161,11.00000000,0.00000000,false,false,false,true,87,low,CoinPaprika daily historical API,daily historical tick; not asserted to be exchange close,directly observed from a frozen public source
2026-04-17,0.000331000000,76161.00000000,0.0000000043460564,9.00000000,0.00000000,false,false,false,true,88,low,CoinPaprika daily historical API,daily historical tick; not asserted to be exchange close,directly observed from a frozen public source
2026-04-18,0.000296000000,76438.72000000,0.0000000038723830,31.00000000,0.00000000,false,false,false,true,89,low,CoinPaprika daily historical API,daily historical tick; not asserted to be exchange close,directly observed from a frozen public source
2026-04-19,0.000278000000,75295.43000000,0.0000000036921231,46.00000000,0.00000000,false,false,false,true,90,low,CoinPaprika daily historical API,daily historical tick; not asserted to be exchange close,directly observed from a frozen public source
2026-04-20,0.000279000000,75231.73000000,0.0000000037085416,13.00000000,0.00000000,false,false,false,true,91,low,CoinPaprika daily historical API,daily historical tick; not asserted to be exchange close,directly observed from a frozen public source
2026-04-21,0.000280000000,75919.94000000,0.0000000036880956,13.00000000,0.00000000,false,false,false,true,92,low,CoinPaprika daily historical API,daily historical tick; not asserted to be exchange close,directly observed from a frozen public source
2026-04-22,0.000203000000,78155.34000000,0.0000000025973913,42.00000000,0.00000000,false,false,false,true,93,low,CoinPaprika daily historical API,daily historical tick; not asserted to be exchange close,directly observed from a frozen public source
2026-04-23,0.000190000000,77952.72000000,0.0000000024373749,30.00000000,0.00000000,false,false,false,true,94,low,CoinPaprika daily historical API,daily historical tick; not asserted to be exchange close,directly observed from a frozen public source
2026-04-24,0.000190000000,77854.66000000,0.0000000024404448,7.00000000,0.00000000,false,false,false,true,95,low,CoinPaprika daily historical API,daily historical tick; not asserted to be exchange close,directly observed from a frozen public source
2026-04-25,0.000190000000,77580.97000000,0.0000000024490542,6.00000000,0.00000000,false,false,false,true,96,low,CoinPaprika daily historical API,daily historical tick; not asserted to be exchange close,directly observed from a frozen public source
2026-04-26,0.000190000000,78006.47000000,0.0000000024356954,5.00000000,0.00000000,false,false,false,true,97,low,CoinPaprika daily historical API,daily historical tick; not asserted to be exchange close,directly observed from a frozen public source
2026-04-27,0.000190000000,77745.25000000,0.0000000024438792,4.00000000,0.00000000,false,false,false,true,98,low,CoinPaprika daily historical API,daily historical tick; not asserted to be exchange close,directly observed from a frozen public source
2026-04-28,0.000195000000,76532.44000000,0.0000000025479391,6.00000000,0.00000000,false,false,false,true,99,low,CoinPaprika daily historical API,daily historical tick; not asserted to be exchange close,directly observed from a frozen public source
2026-04-29,0.000195000000,76548.66000000,0.0000000025473993,14.00000000,0.00000000,false,false,false,true,100,low,CoinPaprika daily historical API,daily historical tick; not asserted to be exchange close,directly observed from a frozen public source
2026-04-30,0.000194000000,76134.49000000,0.0000000025481224,14.00000000,0.00000000,false,false,false,true,101,low,CoinPaprika daily historical API,daily historical tick; not asserted to be exchange close,directly observed from a frozen public source
2026-05-01,0.000194000000,77640.69000000,0.0000000024986898,12.00000000,0.00000000,false,false,false,true,102,low,CoinPaprika daily historical API,daily historical tick; not asserted to be exchange close,directly observed from a frozen public source
2026-05-02,0.000234000000,78366.76000000,0.0000000029859599,33.00000000,0.00000000,false,false,false,true,103,low,CoinPaprika daily historical API,daily historical tick; not asserted to be exchange close,directly observed from a frozen public source
2026-05-03,0.000277000000,78559.91000000,0.0000000035259715,45.00000000,0.00000000,false,false,false,true,104,low,CoinPaprika daily historical API,daily historical tick; not asserted to be exchange close,directly observed from a frozen public source
2026-05-04,0.000247000000,79688.80000000,0.0000000030995573,20.00000000,0.00000000,false,false,false,true,105,low,CoinPaprika daily historical API,daily historical tick; not asserted to be exchange close,directly observed from a frozen public source
2026-05-05,0.000244000000,81037.24000000,0.0000000030109614,13.00000000,0.00000000,false,false,false,true,106,low,CoinPaprika daily historical API,daily historical tick; not asserted to be exchange close,directly observed from a frozen public source
2026-05-06,0.000233000000,81581.44000000,0.0000000028560418,15.00000000,0.00000000,false,false,false,true,107,low,CoinPaprika daily historical API,daily historical tick; not asserted to be exchange close,directly observed from a frozen public source
2026-05-07,0.000226000000,80640.56000000,0.0000000028025599,17.00000000,0.00000000,false,false,false,true,108,low,CoinPaprika daily historical API,daily historical tick; not asserted to be exchange close,directly observed from a frozen public source
2026-05-08,0.000224000000,79940.52000000,0.0000000028020833,16.00000000,0.00000000,false,false,false,true,109,low,CoinPaprika daily historical API,daily historical tick; not asserted to be exchange close,directly observed from a frozen public source
2026-05-09,0.000227000000,80502.74000000,0.0000000028197798,14.00000000,0.00000000,false,false,false,true,110,low,CoinPaprika daily historical API,daily historical tick; not asserted to be exchange close,directly observed from a frozen public source
2026-05-10,0.000234000000,81001.82000000,0.0000000028888240,22.00000000,0.00000000,false,false,false,true,111,low,CoinPaprika daily historical API,daily historical tick; not asserted to be exchange close,directly observed from a frozen public source
2026-05-11,0.000243000000,81276.40000000,0.0000000029897978,17.00000000,0.00000000,false,false,false,true,112,low,CoinPaprika daily historical API,daily historical tick; not asserted to be exchange close,directly observed from a frozen public source
2026-05-12,0.000253000000,80793.61000000,0.0000000031314358,22.00000000,0.00000000,false,false,false,true,113,low,CoinPaprika daily historical API,daily historical tick; not asserted to be exchange close,directly observed from a frozen public source
2026-05-13,0.000253000000,80247.75000000,0.0000000031527364,18.00000000,0.00000000,false,false,false,true,114,low,CoinPaprika daily historical API,daily historical tick; not asserted to be exchange close,directly observed from a frozen public source
2026-05-14,0.000257000000,80271.60000000,0.0000000032016305,17.00000000,0.00000000,false,false,false,true,115,low,CoinPaprika daily historical API,daily historical tick; not asserted to be exchange close,directly observed from a frozen public source
2026-05-15,0.000253000000,80051.84000000,0.0000000031604520,18.00000000,0.00000000,false,false,false,true,116,low,CoinPaprika daily historical API,daily historical tick; not asserted to be exchange close,directly observed from a frozen public source
2026-05-16,0.000252000000,78405.03000000,0.0000000032140795,17.00000000,0.00000000,false,false,false,true,117,low,CoinPaprika daily historical API,daily historical tick; not asserted to be exchange close,directly observed from a frozen public source
2026-05-17,0.000247000000,78107.11000000,0.0000000031623241,17.00000000,0.00000000,false,false,false,true,118,low,CoinPaprika daily historical API,daily historical tick; not asserted to be exchange close,directly observed from a frozen public source
2026-05-18,0.000245000000,76846.09000000,0.0000000031881908,17.00000000,0.00000000,false,false,false,true,119,low,CoinPaprika daily historical API,daily historical tick; not asserted to be exchange close,directly observed from a frozen public source
2026-05-19,0.000257000000,76803.90000000,0.0000000033461842,25.00000000,0.00000000,false,false,false,true,120,low,CoinPaprika daily historical API,daily historical tick; not asserted to be exchange close,directly observed from a frozen public source
2026-05-20,0.000263000000,77226.54000000,0.0000000034055650,16.00000000,0.00000000,false,false,false,true,121,low,CoinPaprika daily historical API,daily historical tick; not asserted to be exchange close,directly observed from a frozen public source
2026-05-21,0.000265000000,77555.16000000,0.0000000034169229,18.00000000,0.00000000,false,false,false,true,122,low,CoinPaprika daily historical API,daily historical tick; not asserted to be exchange close,directly observed from a frozen public source
2026-05-22,0.000265000000,76945.19000000,0.0000000034440100,17.00000000,0.00000000,false,false,false,true,123,low,CoinPaprika daily historical API,daily historical tick; not asserted to be exchange close,directly observed from a frozen public source
2026-05-23,0.000265000000,75444.02000000,0.0000000035125382,18.00000000,0.00000000,false,false,false,true,124,low,CoinPaprika daily historical API,daily historical tick; not asserted to be exchange close,directly observed from a frozen public source
2026-05-24,0.000265000000,76728.11000000,0.0000000034537538,15.00000000,0.00000000,false,false,false,true,125,low,CoinPaprika daily historical API,daily historical tick; not asserted to be exchange close,directly observed from a frozen public source
2026-05-25,0.000264000000,77315.60000000,0.0000000034145761,18.00000000,0.00000000,false,false,false,true,126,low,CoinPaprika daily historical API,daily historical tick; not asserted to be exchange close,directly observed from a frozen public source
2026-05-26,0.000264000000,76533.40000000,0.0000000034494743,17.00000000,0.00000000,false,false,false,true,127,low,CoinPaprika daily historical API,daily historical tick; not asserted to be exchange close,directly observed from a frozen public source
2026-05-27,0.000261000000,75344.42000000,0.0000000034640920,17.00000000,0.00000000,false,false,false,true,128,low,CoinPaprika daily historical API,daily historical tick; not asserted to be exchange close,directly observed from a frozen public source
2026-05-28,0.000254000000,73406.13000000,0.0000000034602015,17.00000000,0.00000000,false,false,false,true,129,low,CoinPaprika daily historical API,daily historical tick; not asserted to be exchange close,directly observed from a frozen public source
2026-05-29,0.000252000000,73506.18000000,0.0000000034282832,14.00000000,0.00000000,false,false,false,true,130,low,CoinPaprika daily historical API,daily historical tick; not asserted to be exchange close,directly observed from a frozen public source
2026-05-30,0.000266000000,73663.29000000,0.0000000036110252,26.00000000,0.00000000,false,false,false,true,131,low,CoinPaprika daily historical API,daily historical tick; not asserted to be exchange close,directly observed from a frozen public source
2026-05-31,0.000296000000,73793.50000000,0.0000000040111934,28.00000000,0.00000000,false,false,false,true,132,low,CoinPaprika daily historical API,daily historical tick; not asserted to be exchange close,directly observed from a frozen public source
2026-06-01,0.000316000000,72317.41000000,0.0000000043696255,28.00000000,0.00000000,false,false,false,true,133,low,CoinPaprika daily historical API,daily historical tick; not asserted to be exchange close,directly observed from a frozen public source
2026-06-02,0.000329000000,68951.73000000,0.0000000047714539,30.00000000,0.00000000,false,false,false,true,134,low,CoinPaprika daily historical API,daily historical tick; not asserted to be exchange close,directly observed from a frozen public source
2026-06-03,0.000348000000,66355.74000000,0.0000000052444596,30.00000000,0.00000000,false,false,false,true,135,low,CoinPaprika daily historical API,daily historical tick; not asserted to be exchange close,directly observed from a frozen public source
2026-06-04,0.000360000000,63490.73000000,0.0000000056701191,29.00000000,0.00000000,false,false,false,true,136,low,CoinPaprika daily historical API,daily historical tick; not asserted to be exchange close,directly observed from a frozen public source
2026-06-05,0.000369000000,61869.67000000,0.0000000059641501,31.00000000,0.00000000,false,false,false,true,137,low,CoinPaprika daily historical API,daily historical tick; not asserted to be exchange close,directly observed from a frozen public source
2026-06-06,0.000390000000,60788.15000000,0.0000000064157241,35.00000000,0.00000000,false,false,false,true,138,low,CoinPaprika daily historical API,daily historical tick; not asserted to be exchange close,directly observed from a frozen public source
2026-06-07,0.000394000000,61993.92000000,0.0000000063554620,31.00000000,0.00000000,false,false,false,true,139,low,CoinPaprika daily historical API,daily historical tick; not asserted to be exchange close,directly observed from a frozen public source
2026-06-08,0.000409000000,63324.22000000,0.0000000064588241,35.00000000,0.00000000,false,false,false,true,140,low,CoinPaprika daily historical API,daily historical tick; not asserted to be exchange close,directly observed from a frozen public source
2026-06-09,0.000413000000,62359.07000000,0.0000000066229339,34.00000000,0.00000000,false,false,false,true,141,low,CoinPaprika daily historical API,daily historical tick; not asserted to be exchange close,directly observed from a frozen public source
2026-06-10,0.000415000000,61577.23000000,0.0000000067395042,33.00000000,0.00000000,false,false,false,true,142,low,CoinPaprika daily historical API,daily historical tick; not asserted to be exchange close,directly observed from a frozen public source
2026-06-11,0.000426000000,62821.25000000,0.0000000067811449,35.00000000,0.00000000,false,false,false,true,143,low,CoinPaprika daily historical API,daily historical tick; not asserted to be exchange close,directly observed from a frozen public source
2026-06-12,0.000445000000,63518.14000000,0.0000000070058727,36.00000000,0.00000000,false,false,false,true,144,low,CoinPaprika daily historical API,daily historical tick; not asserted to be exchange close,directly observed from a frozen public source
2026-06-13,0.000457000000,63915.48000000,0.0000000071500676,39.00000000,0.00000000,false,false,false,true,145,low,CoinPaprika daily historical API,daily historical tick; not asserted to be exchange close,directly observed from a frozen public source
2026-06-14,0.000461000000,64360.54000000,0.0000000071627740,34.00000000,0.00000000,false,false,false,true,146,low,CoinPaprika daily historical API,daily historical tick; not asserted to be exchange close,directly observed from a frozen public source
2026-06-15,0.000470000000,66132.70000000,0.0000000071069229,36.00000000,0.00000000,false,false,false,true,147,low,CoinPaprika daily historical API,daily historical tick; not asserted to be exchange close,directly observed from a frozen public source
2026-06-16,0.000471000000,66045.06000000,0.0000000071314948,34.00000000,0.00000000,false,false,false,true,148,low,CoinPaprika daily historical API,daily historical tick; not asserted to be exchange close,directly observed from a frozen public source
2026-06-17,0.000465000000,65196.23000000,0.0000000071323142,34.00000000,0.00000000,false,false,false,true,149,low,CoinPaprika daily historical API,daily historical tick; not asserted to be exchange close,directly observed from a frozen public source
2026-06-18,0.000472000000,63665.76000000,0.0000000074137181,35.00000000,0.00000000,false,false,false,true,150,low,CoinPaprika daily historical API,daily historical tick; not asserted to be exchange close,directly observed from a frozen public source
2026-06-19,0.000478000000,62847.02000000,0.0000000076057703,34.00000000,0.00000000,false,false,false,true,151,low,CoinPaprika daily historical API,daily historical tick; not asserted to be exchange close,directly observed from a frozen public source
2026-06-20,0.000484000000,63679.49000000,0.0000000076005634,38.00000000,0.00000000,false,false,false,true,152,low,CoinPaprika daily historical API,daily historical tick; not asserted to be exchange close,directly observed from a frozen public source
2026-06-21,0.000483000000,64061.91000000,0.0000000075395816,32.00000000,0.00000000,false,false,false,true,153,low,CoinPaprika daily historical API,daily historical tick; not asserted to be exchange close,directly observed from a frozen public source
2026-06-22,0.000487000000,64325.62000000,0.0000000075708559,33.00000000,0.00000000,false,false,false,true,154,low,CoinPaprika daily historical API,daily historical tick; not asserted to be exchange close,directly observed from a frozen public source
2026-06-23,0.000490000000,62810.68000000,0.0000000078012211,36.00000000,0.00000000,false,false,false,true,155,low,CoinPaprika daily historical API,daily historical tick; not asserted to be exchange close,directly observed from a frozen public source
2026-06-24,0.000621000000,61697.83000000,0.0000000100651838,100.00000000,0.00000000,false,false,false,true,0,low,CoinPaprika daily historical API,daily historical tick; not asserted to be exchange close,directly observed from a frozen public source
2026-06-25,0.000748000000,60477.06000000,0.0000000123683261,174.00000000,0.00000000,false,false,false,false,0,low,CoinPaprika daily historical API,daily historical tick; not asserted to be exchange close,directly observed from a frozen public source
2026-06-26,0.000689000000,59721.06000000,0.0000000115369687,53.00000000,0.00000000,false,false,false,true,1,low,CoinPaprika daily historical API,daily historical tick; not asserted to be exchange close,directly observed from a frozen public source
2026-06-27,0.000691000000,60270.44000000,0.0000000114649901,38.00000000,0.00000000,false,false,false,true,2,low,CoinPaprika daily historical API,daily historical tick; not asserted to be exchange close,directly observed from a frozen public source
2026-06-28,0.000688000000,59879.24000000,0.0000000114897918,39.00000000,0.00000000,false,false,false,true,3,low,CoinPaprika daily historical API,daily historical tick; not asserted to be exchange close,directly observed from a frozen public source
2026-06-29,0.000683000000,59894.12000000,0.0000000114034566,42.00000000,0.00000000,false,false,false,true,4,low,CoinPaprika daily historical API,daily historical tick; not asserted to be exchange close,directly observed from a frozen public source
2026-06-30,0.000687000000,59013.39000000,0.0000000116414258,42.00000000,0.00000000,false,false,false,true,5,low,CoinPaprika daily historical API,daily historical tick; not asserted to be exchange close,directly observed from a frozen public source
2026-07-01,0.000687000000,59307.08000000,0.0000000115837772,42.00000000,0.00000000,false,false,false,true,6,low,CoinPaprika daily historical API,daily historical tick; not asserted to be exchange close,directly observed from a frozen public source
2026-07-02,0.000680000000,61002.52000000,0.0000000111470805,45.00000000,0.00000000,false,false,false,true,7,low,CoinPaprika daily historical API,daily historical tick; not asserted to be exchange close,directly observed from a frozen public source
2026-07-03,0.000661000000,61882.23000000,0.0000000106815802,48.00000000,0.00000000,false,false,false,true,8,low,CoinPaprika daily historical API,daily historical tick; not asserted to be exchange close,directly observed from a frozen public source
2026-07-04,0.000678000000,62719.62000000,0.0000000108100145,46.00000000,0.00000000,false,false,false,true,9,low,CoinPaprika daily historical API,daily historical tick; not asserted to be exchange close,directly observed from a frozen public source
2026-07-05,0.000695000000,62786.37000000,0.0000000110692814,48.00000000,0.00000000,false,false,false,true,10,low,CoinPaprika daily historical API,daily historical tick; not asserted to be exchange close,directly observed from a frozen public source
2026-07-06,0.000696000000,63178.18000000,0.0000000110164617,48.00000000,0.00000000,false,false,false,true,11,low,CoinPaprika daily historical API,daily historical tick; not asserted to be exchange close,directly observed from a frozen public source
2026-07-07,0.005172000000,63462.25000000,0.0000000814972681,247.00000000,0.00000000,false,false,false,false,0,low,CoinPaprika daily historical API,daily historical tick; not asserted to be exchange close,directly observed from a frozen public source
2026-07-08,0.000710000000,62336.04000000,0.0000000113898798,52.00000000,0.00000000,false,false,false,true,1,low,CoinPaprika daily historical API,daily historical tick; not asserted to be exchange close,directly observed from a frozen public source
2026-07-09,0.000711000000,62725.45000000,0.0000000113351120,49.00000000,0.00000000,false,false,false,true,2,low,CoinPaprika daily historical API,daily historical tick; not asserted to be exchange close,directly observed from a frozen public source
2026-07-10,0.000715000000,63958.68000000,0.0000000111790925,52.00000000,0.00000000,false,false,false,true,3,low,CoinPaprika daily historical API,daily historical tick; not asserted to be exchange close,directly observed from a frozen public source
2026-07-11,0.000730000000,64163.71000000,0.0000000113771476,54.00000000,0.00000000,false,false,false,true,4,low,CoinPaprika daily historical API,daily historical tick; not asserted to be exchange close,directly observed from a frozen public source
2026-07-12,0.000738000000,63964.12000000,0.0000000115377183,54.00000000,0.00000000,false,false,false,true,5,low,CoinPaprika daily historical API,daily historical tick; not asserted to be exchange close,directly observed from a frozen public source
2026-07-13,0.000754000000,62663.55000000,0.0000000120325133,54.00000000,0.00000000,false,false,false,true,6,low,CoinPaprika daily historical API,daily historical tick; not asserted to be exchange close,directly observed from a frozen public source
2026-07-14,0.000753000000,63453.02000000,0.0000000118670475,51.00000000,0.00000000,false,false,false,true,7,low,CoinPaprika daily historical API,daily historical tick; not asserted to be exchange close,directly observed from a frozen public source
2026-07-15,0.000745000000,64842.49000000,0.0000000114893799,54.00000000,0.00000000,false,false,false,true,8,low,CoinPaprika daily historical API,daily historical tick; not asserted to be exchange close,directly observed from a frozen public source
2026-07-16,0.000694000000,64320.44000000,0.0000000107897272,61.00000000,0.00000000,false,false,false,true,9,low,CoinPaprika daily historical API,daily historical tick; not asserted to be exchange close,directly observed from a frozen public source
2026-07-17,0.000693000000,63428.35000000,0.0000000109257138,42.00000000,0.00000000,false,false,false,true,10,low,CoinPaprika daily historical API,daily historical tick; not asserted to be exchange close,directly observed from a frozen public source
2026-07-18,0.000693000000,64142.59000000,0.0000000108040539,43.00000000,0.00000000,false,false,false,true,11,low,CoinPaprika daily historical API,daily historical tick; not asserted to be exchange close,directly observed from a frozen public source
2026-07-19,0.000700000000,64557.95000000,0.0000000108429713,42.00000000,0.00000000,false,false,false,true,12,low,CoinPaprika daily historical API,daily historical tick; not asserted to be exchange close,directly observed from a frozen public source
2026-07-20,0.000702000000,64729.52000000,0.0000000108451291,43.00000000,0.00000000,false,false,false,true,13,low,CoinPaprika daily historical API,daily historical tick; not asserted to be exchange close,directly observed from a frozen public source
2026-07-21,0.000668000000,66092.81000000,0.0000000101069995,53.00000000,0.00000000,false,false,false,true,14,low,CoinPaprika daily historical API,daily historical tick; not asserted to be exchange close,directly observed from a frozen public source
2026-07-22,0.000662000000,66009.59000000,0.0000000100288458,46.00000000,0.00000000,false,false,false,true,15,low,CoinPaprika daily historical API,daily historical tick; not asserted to be exchange close,directly observed from a frozen public source
2026-07-23,0.000691000000,65324.82000000,0.0000000105779090,54.00000000,0.00000000,false,false,false,true,16,low,CoinPaprika daily historical API,daily historical tick; not asserted to be exchange close,directly observed from a frozen public source
2026-07-24,0.000673000000,64666.80000000,0.0000000104071950,40.00000000,0.00000000,false,false,false,true,17,low,CoinPaprika daily historical API,daily historical tick; not asserted to be exchange close,directly observed from a frozen public source
2026-07-25,0.000664000000,64118.46000000,0.0000000103558320,43.00000000,0.00000000,false,false,false,true,18,low,CoinPaprika daily historical API,daily historical tick; not asserted to be exchange close,directly observed from a frozen public source
2026-07-26,0.000656000000,64578.32000000,0.0000000101582079,45.00000000,0.00000000,false,false,false,true,19,low,CoinPaprika daily historical API,daily historical tick; not asserted to be exchange close,directly observed from a frozen public source
2026-07-27,,,,,,true,true,false,false,20,unusable,CoinPaprika daily historical API,daily historical tick; not asserted to be exchange close,directly observed from a frozen public source
